Bandgap,Electron affinity,Acceptor density,CB effective DOS,VB effective DOS,Defect density,Thickness,Dielectric permittivity,PCE
1.30E+00,4.15E+00,1.00E+15,1.00E+17,5.00E+17,1.00E+12,5.00E-01,8.00E+00,3.66E+01
1.30E+00,4.15E+00,1.00E+15,1.00E+17,5.00E+17,1.00E+12,5.00E-01,1.20E+01,3.65E+01
1.30E+00,4.15E+00,1.00E+15,1.00E+17,5.00E+17,1.00E+12,1.00E+00,8.00E+00,3.86E+01
1.30E+00,4.15E+00,1.00E+15,1.00E+17,5.00E+17,1.00E+12,1.00E+00,1.20E+01,3.85E+01
1.30E+00,4.15E+00,1.00E+15,1.00E+17,5.00E+17,1.00E+14,5.00E-01,8.00E+00,3.10E+01
1.30E+00,4.15E+00,1.00E+15,1.00E+17,5.00E+17,1.00E+14,5.00E-01,1.20E+01,3.09E+01
1.30E+00,4.15E+00,1.00E+15,1.00E+17,5.00E+17,1.00E+14,1.00E+00,8.00E+00,3.19E+01
1.30E+00,4.15E+00,1.00E+15,1.00E+17,5.00E+17,1.00E+14,1.00E+00,1.20E+01,3.19E+01
1.30E+00,4.15E+00,1.00E+15,1.00E+17,1.00E+18,1.00E+12,5.00E-01,8.00E+00,3.62E+01
1.30E+00,4.15E+00,1.00E+15,1.00E+17,1.00E+18,1.00E+12,5.00E-01,1.20E+01,3.61E+01
1.30E+00,4.15E+00,1.00E+15,1.00E+17,1.00E+18,1.00E+12,1.00E+00,8.00E+00,3.81E+01
1.30E+00,4.15E+00,1.00E+15,1.00E+17,1.00E+18,1.00E+12,1.00E+00,1.20E+01,3.80E+01
1.30E+00,4.15E+00,1.00E+15,1.00E+17,1.00E+18,1.00E+14,5.00E-01,8.00E+00,3.04E+01
1.30E+00,4.15E+00,1.00E+15,1.00E+17,1.00E+18,1.00E+14,5.00E-01,1.20E+01,3.04E+01
1.30E+00,4.15E+00,1.00E+15,1.00E+17,1.00E+18,1.00E+14,1.00E+00,8.00E+00,3.13E+01
1.30E+00,4.15E+00,1.00E+15,1.00E+17,1.00E+18,1.00E+14,1.00E+00,1.20E+01,3.13E+01
1.30E+00,4.15E+00,1.00E+15,1.00E+18,5.00E+17,1.00E+12,5.00E-01,8.00E+00,3.49E+01
1.30E+00,4.15E+00,1.00E+15,1.00E+18,5.00E+17,1.00E+12,5.00E-01,1.20E+01,3.48E+01
1.30E+00,4.15E+00,1.00E+15,1.00E+18,5.00E+17,1.00E+12,1.00E+00,8.00E+00,3.67E+01
1.30E+00,4.15E+00,1.00E+15,1.00E+18,5.00E+17,1.00E+12,1.00E+00,1.20E+01,3.67E+01
1.30E+00,4.15E+00,1.00E+15,1.00E+18,5.00E+17,1.00E+14,5.00E-01,8.00E+00,2.91E+01
1.30E+00,4.15E+00,1.00E+15,1.00E+18,5.00E+17,1.00E+14,5.00E-01,1.20E+01,2.91E+01
1.30E+00,4.15E+00,1.00E+15,1.00E+18,5.00E+17,1.00E+14,1.00E+00,8.00E+00,3.00E+01
1.30E+00,4.15E+00,1.00E+15,1.00E+18,5.00E+17,1.00E+14,1.00E+00,1.20E+01,3.00E+01
1.30E+00,4.15E+00,1.00E+15,1.00E+18,1.00E+18,1.00E+12,5.00E-01,8.00E+00,3.45E+01
1.30E+00,4.15E+00,1.00E+15,1.00E+18,1.00E+18,1.00E+12,5.00E-01,1.20E+01,3.44E+01
1.30E+00,4.15E+00,1.00E+15,1.00E+18,1.00E+18,1.00E+12,1.00E+00,8.00E+00,3.62E+01
1.30E+00,4.15E+00,1.00E+15,1.00E+18,1.00E+18,1.00E+12,1.00E+00,1.20E+01,3.62E+01
1.30E+00,4.15E+00,1.00E+15,1.00E+18,1.00E+18,1.00E+14,5.00E-01,8.00E+00,2.86E+01
1.30E+00,4.15E+00,1.00E+15,1.00E+18,1.00E+18,1.00E+14,5.00E-01,1.20E+01,2.86E+01
1.30E+00,4.15E+00,1.00E+15,1.00E+18,1.00E+18,1.00E+14,1.00E+00,8.00E+00,2.94E+01
1.30E+00,4.15E+00,1.00E+15,1.00E+18,1.00E+18,1.00E+14,1.00E+00,1.20E+01,2.94E+01
1.30E+00,4.15E+00,1.00E+17,1.00E+18,5.00E+17,1.00E+12,1.00E+00,8.00E+00,2.94E+01
1.30E+00,4.15E+00,1.00E+17,1.00E+18,5.00E+17,1.00E+14,1.00E+00,1.20E+01,2.94E+01
1.30E+00,4.15E+00,1.00E+17,1.00E+18,5.00E+17,1.00E+14,1.00E+00,8.00E+00,2.94E+01
1.30E+00,4.15E+00,1.00E+17,1.00E+18,1.00E+18,1.00E+12,1.00E+00,8.00E+00,2.94E+01
1.30E+00,4.20E+00,1.00E+15,1.00E+17,5.00E+17,1.00E+12,5.00E-01,8.00E+00,2.94E+01
1.30E+00,4.20E+00,1.00E+15,1.00E+17,5.00E+17,1.00E+12,5.00E-01,1.20E+01,2.94E+01
1.30E+00,4.20E+00,1.00E+15,1.00E+17,5.00E+17,1.00E+12,1.00E+00,8.00E+00,2.94E+01
1.30E+00,4.20E+00,1.00E+15,1.00E+17,5.00E+17,1.00E+12,1.00E+00,1.20E+01,2.94E+01
1.30E+00,4.20E+00,1.00E+15,1.00E+17,5.00E+17,1.00E+14,5.00E-01,8.00E+00,2.94E+01
1.30E+00,4.20E+00,1.00E+15,1.00E+17,5.00E+17,1.00E+14,5.00E-01,1.20E+01,2.94E+01
1.30E+00,4.20E+00,1.00E+15,1.00E+17,5.00E+17,1.00E+14,1.00E+00,8.00E+00,2.94E+01
1.30E+00,4.20E+00,1.00E+15,1.00E+17,5.00E+17,1.00E+14,1.00E+00,1.20E+01,2.94E+01
1.30E+00,4.20E+00,1.00E+15,1.00E+17,1.00E+18,1.00E+12,5.00E-01,8.00E+00,2.94E+01
1.30E+00,4.20E+00,1.00E+15,1.00E+17,1.00E+18,1.00E+12,5.00E-01,1.20E+01,2.94E+01
1.30E+00,4.20E+00,1.00E+15,1.00E+17,1.00E+18,1.00E+12,1.00E+00,8.00E+00,2.94E+01
1.30E+00,4.20E+00,1.00E+15,1.00E+17,1.00E+18,1.00E+12,1.00E+00,1.20E+01,2.94E+01
1.30E+00,4.20E+00,1.00E+15,1.00E+17,1.00E+18,1.00E+14,5.00E-01,8.00E+00,2.94E+01
1.30E+00,4.20E+00,1.00E+15,1.00E+17,1.00E+18,1.00E+14,5.00E-01,1.20E+01,2.94E+01
1.30E+00,4.20E+00,1.00E+15,1.00E+17,1.00E+18,1.00E+14,1.00E+00,8.00E+00,2.94E+01
1.30E+00,4.20E+00,1.00E+15,1.00E+17,1.00E+18,1.00E+14,1.00E+00,1.20E+01,2.82E+01
1.30E+00,4.20E+00,1.00E+15,1.00E+18,5.00E+17,1.00E+12,5.00E-01,8.00E+00,2.82E+01
1.30E+00,4.20E+00,1.00E+15,1.00E+18,5.00E+17,1.00E+12,5.00E-01,1.20E+01,2.82E+01
1.30E+00,4.20E+00,1.00E+15,1.00E+18,5.00E+17,1.00E+12,1.00E+00,8.00E+00,2.82E+01
1.30E+00,4.20E+00,1.00E+15,1.00E+18,5.00E+17,1.00E+12,1.00E+00,1.20E+01,2.82E+01
1.30E+00,4.20E+00,1.00E+15,1.00E+18,5.00E+17,1.00E+14,5.00E-01,8.00E+00,3.02E+01
1.30E+00,4.20E+00,1.00E+15,1.00E+18,5.00E+17,1.00E+14,5.00E-01,1.20E+01,3.02E+01
1.30E+00,4.20E+00,1.00E+15,1.00E+18,5.00E+17,1.00E+14,1.00E+00,8.00E+00,3.02E+01
1.30E+00,4.20E+00,1.00E+15,1.00E+18,5.00E+17,1.00E+14,1.00E+00,1.20E+01,2.77E+01
1.30E+00,4.20E+00,1.00E+15,1.00E+18,1.00E+18,1.00E+12,5.00E-01,8.00E+00,2.77E+01
1.30E+00,4.20E+00,1.00E+15,1.00E+18,1.00E+18,1.00E+12,5.00E-01,1.20E+01,2.77E+01
1.30E+00,4.20E+00,1.00E+15,1.00E+18,1.00E+18,1.00E+12,1.00E+00,8.00E+00,2.77E+01
1.30E+00,4.20E+00,1.00E+15,1.00E+18,1.00E+18,1.00E+12,1.00E+00,1.20E+01,2.77E+01
1.30E+00,4.20E+00,1.00E+15,1.00E+18,1.00E+18,1.00E+14,5.00E-01,8.00E+00,2.77E+01
1.30E+00,4.20E+00,1.00E+15,1.00E+18,1.00E+18,1.00E+14,5.00E-01,1.20E+01,3.59E+01
1.30E+00,4.20E+00,1.00E+15,1.00E+18,1.00E+18,1.00E+14,1.00E+00,8.00E+00,3.59E+01
1.30E+00,4.20E+00,1.00E+15,1.00E+18,1.00E+18,1.00E+14,1.00E+00,1.20E+01,3.81E+01
1.30E+00,4.20E+00,1.00E+17,1.00E+17,5.00E+17,1.00E+12,5.00E-01,8.00E+00,3.81E+01
1.30E+00,4.20E+00,1.00E+17,1.00E+17,5.00E+17,1.00E+12,5.00E-01,1.20E+01,3.09E+01
1.30E+00,4.20E+00,1.00E+17,1.00E+17,5.00E+17,1.00E+12,1.00E+00,8.00E+00,3.09E+01
1.30E+00,4.20E+00,1.00E+17,1.00E+17,5.00E+17,1.00E+12,1.00E+00,1.20E+01,3.19E+01
1.30E+00,4.20E+00,1.00E+17,1.00E+17,5.00E+17,1.00E+14,5.00E-01,8.00E+00,3.19E+01
1.30E+00,4.20E+00,1.00E+17,1.00E+17,5.00E+17,1.00E+14,5.00E-01,1.20E+01,3.57E+01
1.30E+00,4.20E+00,1.00E+17,1.00E+17,5.00E+17,1.00E+14,1.00E+00,8.00E+00,3.57E+01
1.30E+00,4.20E+00,1.00E+17,1.00E+17,5.00E+17,1.00E+14,1.00E+00,1.20E+01,3.78E+01
1.30E+00,4.20E+00,1.00E+17,1.00E+17,1.00E+18,1.00E+12,5.00E-01,8.00E+00,3.77E+01
1.30E+00,4.20E+00,1.00E+17,1.00E+17,1.00E+18,1.00E+12,5.00E-01,1.20E+01,3.04E+01
1.30E+00,4.20E+00,1.00E+17,1.00E+17,1.00E+18,1.00E+12,1.00E+00,8.00E+00,3.04E+01
1.30E+00,4.20E+00,1.00E+17,1.00E+17,1.00E+18,1.00E+12,1.00E+00,1.20E+01,3.13E+01
1.30E+00,4.20E+00,1.00E+17,1.00E+17,1.00E+18,1.00E+14,5.00E-01,8.00E+00,3.13E+01
1.30E+00,4.20E+00,1.00E+17,1.00E+17,1.00E+18,1.00E+14,5.00E-01,1.20E+01,3.41E+01
1.30E+00,4.20E+00,1.00E+17,1.00E+17,1.00E+18,1.00E+14,1.00E+00,8.00E+00,3.40E+01
1.30E+00,4.20E+00,1.00E+17,1.00E+17,1.00E+18,1.00E+14,1.00E+00,1.20E+01,3.61E+01
1.30E+00,4.20E+00,1.00E+17,1.00E+18,5.00E+17,1.00E+12,5.00E-01,8.00E+00,3.61E+01
1.30E+00,4.20E+00,1.00E+17,1.00E+18,5.00E+17,1.00E+12,5.00E-01,1.20E+01,2.91E+01
1.30E+00,4.20E+00,1.00E+17,1.00E+18,5.00E+17,1.00E+12,1.00E+00,8.00E+00,2.90E+01
1.30E+00,4.20E+00,1.00E+17,1.00E+18,5.00E+17,1.00E+12,1.00E+00,1.20E+01,2.99E+01
1.30E+00,4.20E+00,1.00E+17,1.00E+18,5.00E+17,1.00E+14,5.00E-01,8.00E+00,2.99E+01
1.30E+00,4.20E+00,1.00E+17,1.00E+18,5.00E+17,1.00E+14,5.00E-01,1.20E+01,3.39E+01
1.30E+00,4.20E+00,1.00E+17,1.00E+18,5.00E+17,1.00E+14,1.00E+00,8.00E+00,3.38E+01
1.30E+00,4.20E+00,1.00E+17,1.00E+18,5.00E+17,1.00E+14,1.00E+00,1.20E+01,3.58E+01
1.30E+00,4.20E+00,1.00E+17,1.00E+18,1.00E+18,1.00E+12,5.00E-01,8.00E+00,3.57E+01
1.30E+00,4.20E+00,1.00E+17,1.00E+18,1.00E+18,1.00E+12,5.00E-01,1.20E+01,2.85E+01
1.30E+00,4.20E+00,1.00E+17,1.00E+18,1.00E+18,1.00E+12,1.00E+00,8.00E+00,2.85E+01
1.30E+00,4.20E+00,1.00E+17,1.00E+18,1.00E+18,1.00E+12,1.00E+00,1.20E+01,2.93E+01
1.30E+00,4.20E+00,1.00E+17,1.00E+18,1.00E+18,1.00E+14,5.00E-01,8.00E+00,2.93E+01
1.30E+00,4.20E+00,1.00E+17,1.00E+18,1.00E+18,1.00E+14,5.00E-01,1.20E+01,3.65E+01
1.30E+00,4.20E+00,1.00E+17,1.00E+18,1.00E+18,1.00E+14,1.00E+00,8.00E+00,3.65E+01
1.30E+00,4.20E+00,1.00E+17,1.00E+18,1.00E+18,1.00E+14,1.00E+00,1.20E+01,3.90E+01
1.40E+00,4.15E+00,1.00E+15,1.00E+17,5.00E+17,1.00E+12,5.00E-01,8.00E+00,3.90E+01
1.40E+00,4.15E+00,1.00E+15,1.00E+17,5.00E+17,1.00E+12,5.00E-01,1.20E+01,3.36E+01
1.40E+00,4.15E+00,1.00E+15,1.00E+17,5.00E+17,1.00E+12,1.00E+00,8.00E+00,3.36E+01
1.40E+00,4.15E+00,1.00E+15,1.00E+17,5.00E+17,1.00E+12,1.00E+00,1.20E+01,3.51E+01
1.40E+00,4.15E+00,1.00E+15,1.00E+17,5.00E+17,1.00E+14,5.00E-01,8.00E+00,3.51E+01
1.40E+00,4.15E+00,1.00E+15,1.00E+17,5.00E+17,1.00E+14,5.00E-01,1.20E+01,3.63E+01
1.40E+00,4.15E+00,1.00E+15,1.00E+17,5.00E+17,1.00E+14,1.00E+00,8.00E+00,3.62E+01
1.40E+00,4.15E+00,1.00E+15,1.00E+17,5.00E+17,1.00E+14,1.00E+00,1.20E+01,3.87E+01
1.40E+00,4.15E+00,1.00E+15,1.00E+17,1.00E+18,1.00E+12,5.00E-01,8.00E+00,3.87E+01
1.40E+00,4.15E+00,1.00E+15,1.00E+17,1.00E+18,1.00E+12,5.00E-01,1.20E+01,3.31E+01
1.40E+00,4.15E+00,1.00E+15,1.00E+17,1.00E+18,1.00E+12,1.00E+00,8.00E+00,3.31E+01
1.40E+00,4.15E+00,1.00E+15,1.00E+17,1.00E+18,1.00E+12,1.00E+00,1.20E+01,3.45E+01
1.40E+00,4.15E+00,1.00E+15,1.00E+17,1.00E+18,1.00E+14,5.00E-01,8.00E+00,3.45E+01
1.40E+00,4.15E+00,1.00E+15,1.00E+17,1.00E+18,1.00E+14,5.00E-01,1.20E+01,3.46E+01
1.40E+00,4.15E+00,1.00E+15,1.00E+17,1.00E+18,1.00E+14,1.00E+00,8.00E+00,3.46E+01
1.40E+00,4.15E+00,1.00E+15,1.00E+17,1.00E+18,1.00E+14,1.00E+00,1.20E+01,3.70E+01
1.40E+00,4.15E+00,1.00E+15,1.00E+18,5.00E+17,1.00E+12,5.00E-01,8.00E+00,3.70E+01
1.40E+00,4.15E+00,1.00E+15,1.00E+18,5.00E+17,1.00E+12,5.00E-01,1.20E+01,3.18E+01
1.40E+00,4.15E+00,1.00E+15,1.00E+18,5.00E+17,1.00E+12,1.00E+00,8.00E+00,3.18E+01
1.40E+00,4.15E+00,1.00E+15,1.00E+18,5.00E+17,1.00E+12,1.00E+00,1.20E+01,3.31E+01
1.40E+00,4.15E+00,1.00E+15,1.00E+18,5.00E+17,1.00E+14,5.00E-01,8.00E+00,3.31E+01
1.40E+00,4.15E+00,1.00E+15,1.00E+18,5.00E+17,1.00E+14,5.00E-01,1.20E+01,3.44E+01
1.40E+00,4.15E+00,1.00E+15,1.00E+18,5.00E+17,1.00E+14,1.00E+00,8.00E+00,3.44E+01
1.40E+00,4.15E+00,1.00E+15,1.00E+18,5.00E+17,1.00E+14,1.00E+00,1.20E+01,3.67E+01
1.40E+00,4.15E+00,1.00E+15,1.00E+18,1.00E+18,1.00E+12,5.00E-01,8.00E+00,3.67E+01
1.40E+00,4.15E+00,1.00E+15,1.00E+18,1.00E+18,1.00E+12,5.00E-01,1.20E+01,3.12E+01
1.40E+00,4.15E+00,1.00E+15,1.00E+18,1.00E+18,1.00E+12,1.00E+00,8.00E+00,3.12E+01
1.40E+00,4.15E+00,1.00E+15,1.00E+18,1.00E+18,1.00E+12,1.00E+00,1.20E+01,3.25E+01
1.40E+00,4.15E+00,1.00E+15,1.00E+18,1.00E+18,1.00E+14,5.00E-01,8.00E+00,3.25E+01
1.40E+00,4.15E+00,1.00E+15,1.00E+18,1.00E+18,1.00E+14,5.00E-01,1.20E+01,3.39E+01
1.40E+00,4.15E+00,1.00E+15,1.00E+18,1.00E+18,1.00E+14,1.00E+00,8.00E+00,3.39E+01
1.40E+00,4.15E+00,1.00E+15,1.00E+18,1.00E+18,1.00E+14,1.00E+00,1.20E+01,3.67E+01
1.40E+00,4.15E+00,1.00E+17,1.00E+17,5.00E+17,1.00E+12,5.00E-01,8.00E+00,3.67E+01
1.40E+00,4.15E+00,1.00E+17,1.00E+17,5.00E+17,1.00E+12,5.00E-01,1.20E+01,3.02E+01
1.40E+00,4.15E+00,1.00E+17,1.00E+17,5.00E+17,1.00E+12,1.00E+00,8.00E+00,3.02E+01
1.40E+00,4.15E+00,1.00E+17,1.00E+17,5.00E+17,1.00E+12,1.00E+00,1.20E+01,3.19E+01
1.40E+00,4.15E+00,1.00E+17,1.00E+17,5.00E+17,1.00E+14,5.00E-01,8.00E+00,3.19E+01
1.40E+00,4.15E+00,1.00E+17,1.00E+17,5.00E+17,1.00E+14,5.00E-01,1.20E+01,3.38E+01
1.40E+00,4.15E+00,1.00E+17,1.00E+17,5.00E+17,1.00E+14,1.00E+00,8.00E+00,3.38E+01
1.40E+00,4.15E+00,1.00E+17,1.00E+17,5.00E+17,1.00E+14,1.00E+00,1.20E+01,3.65E+01
1.40E+00,4.15E+00,1.00E+17,1.00E+17,1.00E+18,1.00E+12,5.00E-01,8.00E+00,3.65E+01
1.40E+00,4.15E+00,1.00E+17,1.00E+17,1.00E+18,1.00E+12,5.00E-01,1.20E+01,2.98E+01
1.40E+00,4.15E+00,1.00E+17,1.00E+17,1.00E+18,1.00E+12,1.00E+00,8.00E+00,2.98E+01
1.40E+00,4.15E+00,1.00E+17,1.00E+17,1.00E+18,1.00E+12,1.00E+00,1.20E+01,3.14E+01
1.40E+00,4.15E+00,1.00E+17,1.00E+17,1.00E+18,1.00E+14,5.00E-01,8.00E+00,3.14E+01
1.40E+00,4.15E+00,1.00E+17,1.00E+17,1.00E+18,1.00E+14,5.00E-01,1.20E+01,3.22E+01
1.40E+00,4.15E+00,1.00E+17,1.00E+17,1.00E+18,1.00E+14,1.00E+00,8.00E+00,3.22E+01
1.40E+00,4.15E+00,1.00E+17,1.00E+17,1.00E+18,1.00E+14,1.00E+00,1.20E+01,3.48E+01
1.40E+00,4.15E+00,1.00E+17,1.00E+18,5.00E+17,1.00E+12,5.00E-01,8.00E+00,3.48E+01
1.40E+00,4.15E+00,1.00E+17,1.00E+18,5.00E+17,1.00E+12,5.00E-01,1.20E+01,2.86E+01
1.40E+00,4.15E+00,1.00E+17,1.00E+18,5.00E+17,1.00E+12,1.00E+00,8.00E+00,2.86E+01
1.40E+00,4.15E+00,1.00E+17,1.00E+18,5.00E+17,1.00E+12,1.00E+00,1.20E+01,3.01E+01
1.40E+00,4.15E+00,1.00E+17,1.00E+18,5.00E+17,1.00E+14,5.00E-01,8.00E+00,3.01E+01
1.40E+00,4.15E+00,1.00E+17,1.00E+18,5.00E+17,1.00E+14,5.00E-01,1.20E+01,3.21E+01
1.40E+00,4.15E+00,1.00E+17,1.00E+18,5.00E+17,1.00E+14,1.00E+00,8.00E+00,3.21E+01
1.40E+00,4.15E+00,1.00E+17,1.00E+18,5.00E+17,1.00E+14,1.00E+00,1.20E+01,3.47E+01
1.40E+00,4.15E+00,1.00E+17,1.00E+18,1.00E+18,1.00E+12,5.00E-01,8.00E+00,3.47E+01
1.40E+00,4.15E+00,1.00E+17,1.00E+18,1.00E+18,1.00E+12,5.00E-01,1.20E+01,2.82E+01
1.40E+00,4.15E+00,1.00E+17,1.00E+18,1.00E+18,1.00E+12,1.00E+00,8.00E+00,2.81E+01
1.40E+00,4.15E+00,1.00E+17,1.00E+18,1.00E+18,1.00E+12,1.00E+00,1.20E+01,2.96E+01
1.40E+00,4.15E+00,1.00E+17,1.00E+18,1.00E+18,1.00E+14,5.00E-01,8.00E+00,2.96E+01
1.40E+00,4.15E+00,1.00E+17,1.00E+18,1.00E+18,1.00E+14,5.00E-01,1.20E+01,3.42E+01
1.40E+00,4.15E+00,1.00E+17,1.00E+18,1.00E+18,1.00E+14,1.00E+00,8.00E+00,3.43E+01
1.40E+00,4.15E+00,1.00E+17,1.00E+18,1.00E+18,1.00E+14,1.00E+00,1.20E+01,3.71E+01
1.40E+00,4.20E+00,1.00E+15,1.00E+17,5.00E+17,1.00E+12,5.00E-01,8.00E+00,3.72E+01
1.40E+00,4.20E+00,1.00E+15,1.00E+17,5.00E+17,1.00E+12,5.00E-01,1.20E+01,3.25E+01
1.40E+00,4.20E+00,1.00E+15,1.00E+17,5.00E+17,1.00E+12,1.00E+00,8.00E+00,3.25E+01
1.40E+00,4.20E+00,1.00E+15,1.00E+17,5.00E+17,1.00E+12,1.00E+00,1.20E+01,3.45E+01
1.40E+00,4.20E+00,1.00E+15,1.00E+17,5.00E+17,1.00E+14,5.00E-01,8.00E+00,3.45E+01
1.40E+00,4.20E+00,1.00E+15,1.00E+17,5.00E+17,1.00E+14,5.00E-01,1.20E+01,3.42E+01
1.40E+00,4.20E+00,1.00E+15,1.00E+17,5.00E+17,1.00E+14,1.00E+00,8.00E+00,3.42E+01
1.40E+00,4.20E+00,1.00E+15,1.00E+17,5.00E+17,1.00E+14,1.00E+00,1.20E+01,3.71E+01
1.40E+00,4.20E+00,1.00E+15,1.00E+17,1.00E+18,1.00E+12,5.00E-01,8.00E+00,3.71E+01
1.40E+00,4.20E+00,1.00E+15,1.00E+17,1.00E+18,1.00E+12,5.00E-01,1.20E+01,3.22E+01
1.40E+00,4.20E+00,1.00E+15,1.00E+17,1.00E+18,1.00E+12,1.00E+00,8.00E+00,3.22E+01
1.40E+00,4.20E+00,1.00E+15,1.00E+17,1.00E+18,1.00E+12,1.00E+00,1.20E+01,3.41E+01
1.40E+00,4.20E+00,1.00E+15,1.00E+17,1.00E+18,1.00E+14,5.00E-01,8.00E+00,3.41E+01
1.40E+00,4.20E+00,1.00E+15,1.00E+17,1.00E+18,1.00E+14,5.00E-01,1.20E+01,3.25E+01
1.40E+00,4.20E+00,1.00E+15,1.00E+17,1.00E+18,1.00E+14,1.00E+00,8.00E+00,3.27E+01
1.40E+00,4.20E+00,1.00E+15,1.00E+17,1.00E+18,1.00E+14,1.00E+00,1.20E+01,3.53E+01
1.40E+00,4.20E+00,1.00E+15,1.00E+18,5.00E+17,1.00E+12,5.00E-01,8.00E+00,3.55E+01
1.40E+00,4.20E+00,1.00E+15,1.00E+18,5.00E+17,1.00E+12,5.00E-01,1.20E+01,3.09E+01
1.40E+00,4.20E+00,1.00E+15,1.00E+18,5.00E+17,1.00E+12,1.00E+00,8.00E+00,3.09E+01
1.40E+00,4.20E+00,1.00E+15,1.00E+18,5.00E+17,1.00E+12,1.00E+00,1.20E+01,3.27E+01
1.40E+00,4.20E+00,1.00E+15,1.00E+18,5.00E+17,1.00E+14,5.00E-01,8.00E+00,3.27E+01
1.40E+00,4.20E+00,1.00E+15,1.00E+18,5.00E+17,1.00E+14,5.00E-01,1.20E+01,3.25E+01
1.40E+00,4.20E+00,1.00E+15,1.00E+18,5.00E+17,1.00E+14,1.00E+00,8.00E+00,3.26E+01
1.40E+00,4.20E+00,1.00E+15,1.00E+18,5.00E+17,1.00E+14,1.00E+00,1.20E+01,3.53E+01
1.40E+00,4.20E+00,1.00E+15,1.00E+18,1.00E+18,1.00E+12,5.00E-01,8.00E+00,3.54E+01
1.40E+00,4.20E+00,1.00E+15,1.00E+18,1.00E+18,1.00E+12,5.00E-01,1.20E+01,3.05E+01
1.40E+00,4.20E+00,1.00E+15,1.00E+18,1.00E+18,1.00E+12,1.00E+00,8.00E+00,3.05E+01
1.40E+00,4.20E+00,1.00E+15,1.00E+18,1.00E+18,1.00E+12,1.00E+00,1.20E+01,3.23E+01
1.40E+00,4.20E+00,1.00E+15,1.00E+18,1.00E+18,1.00E+14,5.00E-01,8.00E+00,3.23E+01
1.40E+00,4.20E+00,1.00E+15,1.00E+18,1.00E+18,1.00E+14,5.00E-01,1.20E+01,3.26E+01
1.40E+00,4.20E+00,1.00E+15,1.00E+18,1.00E+18,1.00E+14,1.00E+00,8.00E+00,3.26E+01
1.40E+00,4.20E+00,1.00E+15,1.00E+18,1.00E+18,1.00E+14,1.00E+00,1.20E+01,3.54E+01
1.40E+00,4.20E+00,1.00E+17,1.00E+17,5.00E+17,1.00E+12,5.00E-01,8.00E+00,3.54E+01
1.40E+00,4.20E+00,1.00E+17,1.00E+17,5.00E+17,1.00E+12,5.00E-01,1.20E+01,2.99E+01
1.40E+00,4.20E+00,1.00E+17,1.00E+17,5.00E+17,1.00E+12,1.00E+00,8.00E+00,2.99E+01
1.40E+00,4.20E+00,1.00E+17,1.00E+17,5.00E+17,1.00E+12,1.00E+00,1.20E+01,3.17E+01
1.40E+00,4.20E+00,1.00E+17,1.00E+17,5.00E+17,1.00E+14,5.00E-01,8.00E+00,3.17E+01
1.40E+00,4.20E+00,1.00E+17,1.00E+17,5.00E+17,1.00E+14,5.00E-01,1.20E+01,3.26E+01
1.40E+00,4.20E+00,1.00E+17,1.00E+17,5.00E+17,1.00E+14,1.00E+00,8.00E+00,3.26E+01
1.40E+00,4.20E+00,1.00E+17,1.00E+17,5.00E+17,1.00E+14,1.00E+00,1.20E+01,3.53E+01
1.40E+00,4.20E+00,1.00E+17,1.00E+17,1.00E+18,1.00E+12,5.00E-01,8.00E+00,3.53E+01
1.40E+00,4.20E+00,1.00E+17,1.00E+17,1.00E+18,1.00E+12,5.00E-01,1.20E+01,2.96E+01
1.40E+00,4.20E+00,1.00E+17,1.00E+17,1.00E+18,1.00E+12,1.00E+00,8.00E+00,2.96E+01
1.40E+00,4.20E+00,1.00E+17,1.00E+17,1.00E+18,1.00E+12,1.00E+00,1.20E+01,3.13E+01
1.40E+00,4.20E+00,1.00E+17,1.00E+17,1.00E+18,1.00E+14,5.00E-01,8.00E+00,3.13E+01
1.40E+00,4.20E+00,1.00E+17,1.00E+17,1.00E+18,1.00E+14,5.00E-01,1.20E+01,3.09E+01
1.40E+00,4.20E+00,1.00E+17,1.00E+17,1.00E+18,1.00E+14,1.00E+00,8.00E+00,3.09E+01
1.40E+00,4.20E+00,1.00E+17,1.00E+17,1.00E+18,1.00E+14,1.00E+00,1.20E+01,3.35E+01
1.40E+00,4.20E+00,1.00E+17,1.00E+18,5.00E+17,1.00E+12,5.00E-01,8.00E+00,3.35E+01
1.40E+00,4.20E+00,1.00E+17,1.00E+18,5.00E+17,1.00E+12,5.00E-01,1.20E+01,2.83E+01
1.40E+00,4.20E+00,1.00E+17,1.00E+18,5.00E+17,1.00E+12,1.00E+00,8.00E+00,2.83E+01
1.40E+00,4.20E+00,1.00E+17,1.00E+18,5.00E+17,1.00E+12,1.00E+00,1.20E+01,2.99E+01
1.40E+00,4.20E+00,1.00E+17,1.00E+18,5.00E+17,1.00E+14,5.00E-01,8.00E+00,2.99E+01
1.40E+00,4.20E+00,1.00E+17,1.00E+18,5.00E+17,1.00E+14,5.00E-01,1.20E+01,3.09E+01
1.40E+00,4.20E+00,1.00E+17,1.00E+18,5.00E+17,1.00E+14,1.00E+00,8.00E+00,3.09E+01
1.40E+00,4.20E+00,1.00E+17,1.00E+18,5.00E+17,1.00E+14,1.00E+00,1.20E+01,3.35E+01
1.40E+00,4.20E+00,1.00E+17,1.00E+18,1.00E+18,1.00E+12,5.00E-01,8.00E+00,3.35E+01
1.40E+00,4.20E+00,1.00E+17,1.00E+18,1.00E+18,1.00E+12,5.00E-01,1.20E+01,2.79E+01
1.40E+00,4.20E+00,1.00E+17,1.00E+18,1.00E+18,1.00E+12,1.00E+00,8.00E+00,2.79E+01
1.40E+00,4.20E+00,1.00E+17,1.00E+18,1.00E+18,1.00E+12,1.00E+00,1.20E+01,2.95E+01
1.40E+00,4.20E+00,1.00E+17,1.00E+18,1.00E+18,1.00E+14,5.00E-01,8.00E+00,2.95E+01
1.40E+00,4.20E+00,1.00E+17,1.00E+18,1.00E+18,1.00E+14,5.00E-01,1.20E+01,3.25E+01
1.40E+00,4.20E+00,1.00E+17,1.00E+18,1.00E+18,1.00E+14,1.00E+00,8.00E+00,3.27E+01
1.40E+00,4.20E+00,1.00E+17,1.00E+18,1.00E+18,1.00E+14,1.00E+00,1.20E+01,3.52E+01
1.45E+00,4.25E+00,1.00E+19,1.00E+19,1.00E+18,1.00E+15,1.50E+00,1.60E+01,2.47E+01
1.45E+00,4.25E+00,1.00E+19,1.00E+19,1.00E+18,1.00E+15,1.50E+00,2.00E+01,2.45E+01
1.45E+00,4.25E+00,1.00E+19,1.00E+19,1.00E+18,1.00E+15,2.00E+00,1.60E+01,2.48E+01
1.45E+00,4.25E+00,1.00E+19,1.00E+19,1.00E+18,1.00E+15,2.00E+00,2.00E+01,2.46E+01
1.45E+00,4.25E+00,1.00E+19,1.00E+19,1.00E+18,1.00E+16,1.50E+00,1.60E+01,1.55E+01
1.45E+00,4.25E+00,1.00E+19,1.00E+19,1.00E+18,1.00E+16,1.50E+00,2.00E+01,1.50E+01
1.45E+00,4.25E+00,1.00E+19,1.00E+19,1.00E+18,1.00E+16,2.00E+00,1.60E+01,1.55E+01
1.45E+00,4.25E+00,1.00E+19,1.00E+19,1.00E+18,1.00E+16,2.00E+00,2.00E+01,1.51E+01
1.45E+00,4.25E+00,1.00E+19,1.00E+19,1.00E+19,1.00E+15,1.50E+00,1.60E+01,2.36E+01
1.45E+00,4.25E+00,1.00E+19,1.00E+19,1.00E+19,1.00E+15,1.50E+00,2.00E+01,2.34E+01
1.45E+00,4.25E+00,1.00E+19,1.00E+19,1.00E+19,1.00E+15,2.00E+00,1.60E+01,2.36E+01
1.45E+00,4.25E+00,1.00E+19,1.00E+19,1.00E+19,1.00E+15,2.00E+00,2.00E+01,2.33E+01
1.45E+00,4.25E+00,1.00E+19,1.00E+19,1.00E+19,1.00E+16,1.50E+00,1.60E+01,1.47E+01
1.45E+00,4.25E+00,1.00E+19,1.00E+19,1.00E+19,1.00E+16,1.50E+00,2.00E+01,1.42E+01
1.45E+00,4.25E+00,1.00E+19,1.00E+19,1.00E+19,1.00E+16,2.00E+00,1.60E+01,1.47E+01
1.45E+00,4.25E+00,1.00E+19,1.00E+19,1.00E+19,1.00E+16,2.00E+00,2.00E+01,1.42E+01
1.45E+00,4.25E+00,1.00E+19,1.00E+20,1.00E+18,1.00E+15,1.50E+00,1.60E+01,1.83E+01
1.45E+00,4.25E+00,1.00E+19,1.00E+20,1.00E+18,1.00E+15,1.50E+00,2.00E+01,1.70E+01
1.45E+00,4.25E+00,1.00E+19,1.00E+20,1.00E+18,1.00E+15,2.00E+00,1.60E+01,1.85E+01
1.45E+00,4.25E+00,1.00E+19,1.00E+20,1.00E+18,1.00E+15,2.00E+00,2.00E+01,1.71E+01
1.45E+00,4.25E+00,1.00E+19,1.00E+20,1.00E+18,1.00E+16,1.50E+00,1.60E+01,8.38E+00
1.45E+00,4.25E+00,1.00E+19,1.00E+20,1.00E+18,1.00E+16,1.50E+00,2.00E+01,7.14E+00
1.45E+00,4.25E+00,1.00E+19,1.00E+20,1.00E+18,1.00E+16,2.00E+00,1.60E+01,8.38E+00
1.45E+00,4.25E+00,1.00E+19,1.00E+20,1.00E+18,1.00E+16,2.00E+00,2.00E+01,7.14E+00
1.45E+00,4.25E+00,1.00E+19,1.00E+20,1.00E+19,1.00E+15,1.50E+00,1.60E+01,1.75E+01
1.45E+00,4.25E+00,1.00E+19,1.00E+20,1.00E+19,1.00E+15,1.50E+00,2.00E+01,1.62E+01
1.45E+00,4.25E+00,1.00E+19,1.00E+20,1.00E+19,1.00E+15,2.00E+00,1.60E+01,1.75E+01
1.45E+00,4.25E+00,1.00E+19,1.00E+20,1.00E+19,1.00E+15,2.00E+00,2.00E+01,1.62E+01
1.45E+00,4.25E+00,1.00E+19,1.00E+20,1.00E+19,1.00E+16,1.50E+00,1.60E+01,7.88E+00
1.45E+00,4.25E+00,1.00E+19,1.00E+20,1.00E+19,1.00E+16,1.50E+00,2.00E+01,6.72E+00
1.45E+00,4.25E+00,1.00E+19,1.00E+20,1.00E+19,1.00E+16,2.00E+00,1.60E+01,7.88E+00
1.45E+00,4.25E+00,1.00E+19,1.00E+20,1.00E+19,1.00E+16,2.00E+00,2.00E+01,6.73E+00
1.45E+00,4.25E+00,1.00E+20,1.00E+19,1.00E+18,1.00E+15,1.50E+00,1.60E+01,2.48E+01
1.45E+00,4.25E+00,1.00E+20,1.00E+19,1.00E+18,1.00E+15,1.50E+00,2.00E+01,2.47E+01
1.45E+00,4.25E+00,1.00E+20,1.00E+19,1.00E+18,1.00E+15,2.00E+00,1.60E+01,2.50E+01
1.45E+00,4.25E+00,1.00E+20,1.00E+19,1.00E+18,1.00E+15,2.00E+00,2.00E+01,2.48E+01
1.45E+00,4.25E+00,1.00E+20,1.00E+19,1.00E+18,1.00E+16,1.50E+00,1.60E+01,1.43E+01
1.45E+00,4.25E+00,1.00E+20,1.00E+19,1.00E+18,1.00E+16,1.50E+00,2.00E+01,1.41E+01
1.45E+00,4.25E+00,1.00E+20,1.00E+19,1.00E+18,1.00E+16,2.00E+00,1.60E+01,1.43E+01
1.45E+00,4.25E+00,1.00E+20,1.00E+19,1.00E+18,1.00E+16,2.00E+00,2.00E+01,1.41E+01
1.45E+00,4.25E+00,1.00E+20,1.00E+19,1.00E+19,1.00E+15,1.50E+00,1.60E+01,2.38E+01
1.45E+00,4.25E+00,1.00E+20,1.00E+19,1.00E+19,1.00E+15,1.50E+00,2.00E+01,2.37E+01
1.45E+00,4.25E+00,1.00E+20,1.00E+19,1.00E+19,1.00E+15,2.00E+00,1.60E+01,2.38E+01
1.45E+00,4.25E+00,1.00E+20,1.00E+19,1.00E+19,1.00E+15,2.00E+00,2.00E+01,2.36E+01
1.45E+00,4.25E+00,1.00E+20,1.00E+19,1.00E+19,1.00E+16,1.50E+00,1.60E+01,1.36E+01
1.45E+00,4.25E+00,1.00E+20,1.00E+19,1.00E+19,1.00E+16,1.50E+00,2.00E+01,1.34E+01
1.45E+00,4.25E+00,1.00E+20,1.00E+19,1.00E+19,1.00E+16,2.00E+00,1.60E+01,1.36E+01
1.45E+00,4.25E+00,1.00E+20,1.00E+19,1.00E+19,1.00E+16,2.00E+00,2.00E+01,1.34E+01
1.45E+00,4.25E+00,1.00E+20,1.00E+20,1.00E+18,1.00E+15,1.50E+00,1.60E+01,1.41E+01
1.45E+00,4.25E+00,1.00E+20,1.00E+20,1.00E+18,1.00E+15,1.50E+00,2.00E+01,1.37E+01
1.45E+00,4.25E+00,1.00E+20,1.00E+20,1.00E+18,1.00E+15,2.00E+00,1.60E+01,1.42E+01
1.45E+00,4.25E+00,1.00E+20,1.00E+20,1.00E+18,1.00E+15,2.00E+00,2.00E+01,1.38E+01
1.45E+00,4.25E+00,1.00E+20,1.00E+20,1.00E+18,1.00E+16,1.50E+00,1.60E+01,4.94E+00
1.45E+00,4.25E+00,1.00E+20,1.00E+20,1.00E+18,1.00E+16,1.50E+00,2.00E+01,4.67E+00
1.45E+00,4.25E+00,1.00E+20,1.00E+20,1.00E+18,1.00E+16,2.00E+00,1.60E+01,4.94E+00
1.45E+00,4.25E+00,1.00E+20,1.00E+20,1.00E+18,1.00E+16,2.00E+00,2.00E+01,4.67E+00
1.45E+00,4.25E+00,1.00E+20,1.00E+20,1.00E+19,1.00E+15,1.50E+00,1.60E+01,1.36E+01
1.45E+00,4.25E+00,1.00E+20,1.00E+20,1.00E+19,1.00E+15,1.50E+00,2.00E+01,1.31E+01
1.45E+00,4.25E+00,1.00E+20,1.00E+20,1.00E+19,1.00E+15,2.00E+00,1.60E+01,1.35E+01
1.45E+00,4.25E+00,1.00E+20,1.00E+20,1.00E+19,1.00E+15,2.00E+00,2.00E+01,1.31E+01
1.45E+00,4.25E+00,1.00E+20,1.00E+20,1.00E+19,1.00E+16,1.50E+00,1.60E+01,4.67E+00
1.45E+00,4.25E+00,1.00E+20,1.00E+20,1.00E+19,1.00E+16,1.50E+00,2.00E+01,4.41E+00
1.45E+00,4.25E+00,1.00E+20,1.00E+20,1.00E+19,1.00E+16,2.00E+00,1.60E+01,4.67E+00
1.45E+00,4.25E+00,1.00E+20,1.00E+20,1.00E+19,1.00E+16,2.00E+00,2.00E+01,4.41E+00
1.45E+00,4.30E+00,1.00E+19,1.00E+19,1.00E+18,1.00E+15,1.50E+00,1.60E+01,2.08E+01
1.45E+00,4.30E+00,1.00E+19,1.00E+19,1.00E+18,1.00E+15,1.50E+00,2.00E+01,1.96E+01
1.45E+00,4.30E+00,1.00E+19,1.00E+19,1.00E+18,1.00E+15,2.00E+00,1.60E+01,2.10E+01
1.45E+00,4.30E+00,1.00E+19,1.00E+19,1.00E+18,1.00E+15,2.00E+00,2.00E+01,1.98E+01
1.45E+00,4.30E+00,1.00E+19,1.00E+19,1.00E+18,1.00E+16,1.50E+00,1.60E+01,1.04E+01
1.45E+00,4.30E+00,1.00E+19,1.00E+19,1.00E+18,1.00E+16,1.50E+00,2.00E+01,9.09E+00
1.45E+00,4.30E+00,1.00E+19,1.00E+19,1.00E+18,1.00E+16,2.00E+00,1.60E+01,1.04E+01
1.45E+00,4.30E+00,1.00E+19,1.00E+19,1.00E+18,1.00E+16,2.00E+00,2.00E+01,9.09E+00
1.45E+00,4.30E+00,1.00E+19,1.00E+19,1.00E+19,1.00E+15,1.50E+00,1.60E+01,1.98E+01
1.45E+00,4.30E+00,1.00E+19,1.00E+19,1.00E+19,1.00E+15,1.50E+00,2.00E+01,1.87E+01
1.45E+00,4.30E+00,1.00E+19,1.00E+19,1.00E+19,1.00E+15,2.00E+00,1.60E+01,1.99E+01
1.45E+00,4.30E+00,1.00E+19,1.00E+19,1.00E+19,1.00E+15,2.00E+00,2.00E+01,1.88E+01
1.45E+00,4.30E+00,1.00E+19,1.00E+19,1.00E+19,1.00E+16,1.50E+00,1.60E+01,9.78E+00
1.45E+00,4.30E+00,1.00E+19,1.00E+19,1.00E+19,1.00E+16,1.50E+00,2.00E+01,8.58E+00
1.45E+00,4.30E+00,1.00E+19,1.00E+19,1.00E+19,1.00E+16,2.00E+00,1.60E+01,9.78E+00
1.45E+00,4.30E+00,1.00E+19,1.00E+19,1.00E+19,1.00E+16,2.00E+00,2.00E+01,8.58E+00
1.45E+00,4.30E+00,1.00E+19,1.00E+20,1.00E+18,1.00E+15,1.50E+00,1.60E+01,8.11E+00
1.45E+00,4.30E+00,1.00E+19,1.00E+20,1.00E+18,1.00E+15,1.50E+00,2.00E+01,6.49E+00
1.45E+00,4.30E+00,1.00E+19,1.00E+20,1.00E+18,1.00E+15,2.00E+00,1.60E+01,8.24E+00
1.45E+00,4.30E+00,1.00E+19,1.00E+20,1.00E+18,1.00E+15,2.00E+00,2.00E+01,6.59E+00
1.45E+00,4.30E+00,1.00E+19,1.00E+20,1.00E+18,1.00E+16,1.50E+00,1.60E+01,2.46E+00
1.45E+00,4.30E+00,1.00E+19,1.00E+20,1.00E+18,1.00E+16,1.50E+00,2.00E+01,1.82E+00
1.45E+00,4.30E+00,1.00E+19,1.00E+20,1.00E+18,1.00E+16,2.00E+00,1.60E+01,2.46E+00
1.45E+00,4.30E+00,1.00E+19,1.00E+20,1.00E+18,1.00E+16,2.00E+00,2.00E+01,1.82E+00
1.45E+00,4.30E+00,1.00E+19,1.00E+20,1.00E+19,1.00E+15,1.50E+00,1.60E+01,7.69E+00
1.45E+00,4.30E+00,1.00E+19,1.00E+20,1.00E+19,1.00E+15,1.50E+00,2.00E+01,6.18E+00
1.45E+00,4.30E+00,1.00E+19,1.00E+20,1.00E+19,1.00E+15,2.00E+00,1.60E+01,7.76E+00
1.45E+00,4.30E+00,1.00E+19,1.00E+20,1.00E+19,1.00E+15,2.00E+00,2.00E+01,6.23E+00
1.45E+00,4.30E+00,1.00E+19,1.00E+20,1.00E+19,1.00E+16,1.50E+00,1.60E+01,2.29E+00
1.45E+00,4.30E+00,1.00E+19,1.00E+20,1.00E+19,1.00E+16,1.50E+00,2.00E+01,1.71E+00
1.45E+00,4.30E+00,1.00E+19,1.00E+20,1.00E+19,1.00E+16,2.00E+00,1.60E+01,2.29E+00
1.45E+00,4.30E+00,1.00E+19,1.00E+20,1.00E+19,1.00E+16,2.00E+00,2.00E+01,1.71E+00
1.45E+00,4.30E+00,1.00E+20,1.00E+19,1.00E+18,1.00E+15,1.50E+00,1.60E+01,1.71E+01
1.45E+00,4.30E+00,1.00E+20,1.00E+19,1.00E+18,1.00E+15,1.50E+00,2.00E+01,1.67E+01
1.45E+00,4.30E+00,1.00E+20,1.00E+19,1.00E+18,1.00E+15,2.00E+00,1.60E+01,1.74E+01
1.45E+00,4.30E+00,1.00E+20,1.00E+19,1.00E+18,1.00E+15,2.00E+00,2.00E+01,1.69E+01
1.45E+00,4.30E+00,1.00E+20,1.00E+19,1.00E+18,1.00E+16,1.50E+00,1.60E+01,6.65E+00
1.45E+00,4.30E+00,1.00E+20,1.00E+19,1.00E+18,1.00E+16,1.50E+00,2.00E+01,6.33E+00
1.45E+00,4.30E+00,1.00E+20,1.00E+19,1.00E+18,1.00E+16,2.00E+00,1.60E+01,6.66E+00
1.45E+00,4.30E+00,1.00E+20,1.00E+19,1.00E+18,1.00E+16,2.00E+00,2.00E+01,6.33E+00
1.45E+00,4.30E+00,1.00E+20,1.00E+19,1.00E+19,1.00E+15,1.50E+00,1.60E+01,1.64E+01
1.45E+00,4.30E+00,1.00E+20,1.00E+19,1.00E+19,1.00E+15,1.50E+00,2.00E+01,1.60E+01
1.45E+00,4.30E+00,1.00E+20,1.00E+19,1.00E+19,1.00E+15,2.00E+00,1.60E+01,1.65E+01
1.45E+00,4.30E+00,1.00E+20,1.00E+19,1.00E+19,1.00E+15,2.00E+00,2.00E+01,1.61E+01
1.45E+00,4.30E+00,1.00E+20,1.00E+19,1.00E+19,1.00E+16,1.50E+00,1.60E+01,6.31E+00
1.45E+00,4.30E+00,1.00E+20,1.00E+19,1.00E+19,1.00E+16,1.50E+00,2.00E+01,6.00E+00
1.45E+00,4.30E+00,1.00E+20,1.00E+19,1.00E+19,1.00E+16,2.00E+00,1.60E+01,6.31E+00
1.45E+00,4.30E+00,1.00E+20,1.00E+19,1.00E+19,1.00E+16,2.00E+00,2.00E+01,6.00E+00
1.45E+00,4.30E+00,1.00E+20,1.00E+20,1.00E+18,1.00E+15,1.50E+00,1.60E+01,3.99E+00
1.45E+00,4.30E+00,1.00E+20,1.00E+20,1.00E+18,1.00E+15,1.50E+00,2.00E+01,3.73E+00
1.45E+00,4.30E+00,1.00E+20,1.00E+20,1.00E+18,1.00E+15,2.00E+00,1.60E+01,4.06E+00
1.45E+00,4.30E+00,1.00E+20,1.00E+20,1.00E+18,1.00E+15,2.00E+00,2.00E+01,3.80E+00
1.45E+00,4.30E+00,1.00E+20,1.00E+20,1.00E+18,1.00E+16,1.50E+00,1.60E+01,1.03E+00
1.45E+00,4.30E+00,1.00E+20,1.00E+20,1.00E+18,1.00E+16,1.50E+00,2.00E+01,9.61E-01
1.45E+00,4.30E+00,1.00E+20,1.00E+20,1.00E+18,1.00E+16,2.00E+00,1.60E+01,1.03E+00
1.45E+00,4.30E+00,1.00E+20,1.00E+20,1.00E+18,1.00E+16,2.00E+00,2.00E+01,9.61E-01
1.45E+00,4.30E+00,1.00E+20,1.00E+20,1.00E+19,1.00E+15,1.50E+00,1.60E+01,3.82E+00
1.45E+00,4.30E+00,1.00E+20,1.00E+20,1.00E+19,1.00E+15,1.50E+00,2.00E+01,3.58E+00
1.45E+00,4.30E+00,1.00E+20,1.00E+20,1.00E+19,1.00E+15,2.00E+00,1.60E+01,3.86E+00
1.45E+00,4.30E+00,1.00E+20,1.00E+20,1.00E+19,1.00E+15,2.00E+00,2.00E+01,3.61E+00
1.45E+00,4.30E+00,1.00E+20,1.00E+20,1.00E+19,1.00E+16,1.50E+00,1.60E+01,9.76E-01
1.45E+00,4.30E+00,1.00E+20,1.00E+20,1.00E+19,1.00E+16,1.50E+00,2.00E+01,9.08E-01
1.45E+00,4.30E+00,1.00E+20,1.00E+20,1.00E+19,1.00E+16,2.00E+00,1.60E+01,9.76E-01
1.45E+00,4.30E+00,1.00E+20,1.00E+20,1.00E+19,1.00E+16,2.00E+00,2.00E+01,9.08E-01
1.50E+00,4.25E+00,1.00E+19,1.00E+19,1.00E+18,1.00E+15,1.50E+00,1.60E+01,2.41E+01
1.50E+00,4.25E+00,1.00E+19,1.00E+19,1.00E+18,1.00E+15,1.50E+00,2.00E+01,2.39E+01
1.50E+00,4.25E+00,1.00E+19,1.00E+19,1.00E+18,1.00E+15,2.00E+00,1.60E+01,2.43E+01
1.50E+00,4.25E+00,1.00E+19,1.00E+19,1.00E+18,1.00E+15,2.00E+00,2.00E+01,2.41E+01
1.50E+00,4.25E+00,1.00E+19,1.00E+19,1.00E+18,1.00E+16,1.50E+00,1.60E+01,1.51E+01
1.50E+00,4.25E+00,1.00E+19,1.00E+19,1.00E+18,1.00E+16,1.50E+00,2.00E+01,1.47E+01
1.50E+00,4.25E+00,1.00E+19,1.00E+19,1.00E+18,1.00E+16,2.00E+00,1.60E+01,1.51E+01
1.50E+00,4.25E+00,1.00E+19,1.00E+19,1.00E+18,1.00E+16,2.00E+00,2.00E+01,1.47E+01
1.50E+00,4.25E+00,1.00E+19,1.00E+19,1.00E+19,1.00E+15,1.50E+00,1.60E+01,2.30E+01
1.50E+00,4.25E+00,1.00E+19,1.00E+19,1.00E+19,1.00E+15,1.50E+00,2.00E+01,2.28E+01
1.50E+00,4.25E+00,1.00E+19,1.00E+19,1.00E+19,1.00E+15,2.00E+00,1.60E+01,2.31E+01
1.50E+00,4.25E+00,1.00E+19,1.00E+19,1.00E+19,1.00E+15,2.00E+00,2.00E+01,2.29E+01
1.50E+00,4.25E+00,1.00E+19,1.00E+19,1.00E+19,1.00E+16,1.50E+00,1.60E+01,1.43E+01
1.50E+00,4.25E+00,1.00E+19,1.00E+19,1.00E+19,1.00E+16,1.50E+00,2.00E+01,1.39E+01
1.50E+00,4.25E+00,1.00E+19,1.00E+19,1.00E+19,1.00E+16,2.00E+00,1.60E+01,1.43E+01
1.50E+00,4.25E+00,1.00E+19,1.00E+19,1.00E+19,1.00E+16,2.00E+00,2.00E+01,1.39E+01
1.50E+00,4.25E+00,1.00E+19,1.00E+20,1.00E+18,1.00E+15,1.50E+00,1.60E+01,1.79E+01
1.50E+00,4.25E+00,1.00E+19,1.00E+20,1.00E+18,1.00E+15,1.50E+00,2.00E+01,1.66E+01
1.50E+00,4.25E+00,1.00E+19,1.00E+20,1.00E+18,1.00E+15,2.00E+00,1.60E+01,1.81E+01
1.50E+00,4.25E+00,1.00E+19,1.00E+20,1.00E+18,1.00E+15,2.00E+00,2.00E+01,1.68E+01
1.50E+00,4.25E+00,1.00E+19,1.00E+20,1.00E+18,1.00E+16,1.50E+00,1.60E+01,8.20E+00
1.50E+00,4.25E+00,1.00E+19,1.00E+20,1.00E+18,1.00E+16,1.50E+00,2.00E+01,6.99E+00
1.50E+00,4.25E+00,1.00E+19,1.00E+20,1.00E+18,1.00E+16,2.00E+00,1.60E+01,8.20E+00
1.50E+00,4.25E+00,1.00E+19,1.00E+20,1.00E+18,1.00E+16,2.00E+00,2.00E+01,6.99E+00
1.50E+00,4.25E+00,1.00E+19,1.00E+20,1.00E+19,1.00E+15,1.50E+00,1.60E+01,1.71E+01
1.50E+00,4.25E+00,1.00E+19,1.00E+20,1.00E+19,1.00E+15,1.50E+00,2.00E+01,1.58E+01
1.50E+00,4.25E+00,1.00E+19,1.00E+20,1.00E+19,1.00E+15,2.00E+00,1.60E+01,1.72E+01
1.50E+00,4.25E+00,1.00E+19,1.00E+20,1.00E+19,1.00E+15,2.00E+00,2.00E+01,1.59E+01
1.50E+00,4.25E+00,1.00E+19,1.00E+20,1.00E+19,1.00E+16,1.50E+00,1.60E+01,7.74E+00
1.50E+00,4.25E+00,1.00E+19,1.00E+20,1.00E+19,1.00E+16,1.50E+00,2.00E+01,6.59E+00
1.50E+00,4.25E+00,1.00E+19,1.00E+20,1.00E+19,1.00E+16,2.00E+00,1.60E+01,7.74E+00
1.50E+00,4.25E+00,1.00E+19,1.00E+20,1.00E+19,1.00E+16,2.00E+00,2.00E+01,6.60E+00
1.50E+00,4.25E+00,1.00E+20,1.00E+19,1.00E+18,1.00E+15,1.50E+00,1.60E+01,2.42E+01
1.50E+00,4.25E+00,1.00E+20,1.00E+19,1.00E+18,1.00E+15,1.50E+00,2.00E+01,2.40E+01
1.50E+00,4.25E+00,1.00E+20,1.00E+19,1.00E+18,1.00E+15,2.00E+00,1.60E+01,2.44E+01
1.50E+00,4.25E+00,1.00E+20,1.00E+19,1.00E+18,1.00E+15,2.00E+00,2.00E+01,2.43E+01
1.50E+00,4.25E+00,1.00E+20,1.00E+19,1.00E+18,1.00E+16,1.50E+00,1.60E+01,1.39E+01
1.50E+00,4.25E+00,1.00E+20,1.00E+19,1.00E+18,1.00E+16,1.50E+00,2.00E+01,1.37E+01
1.50E+00,4.25E+00,1.00E+20,1.00E+19,1.00E+18,1.00E+16,2.00E+00,1.60E+01,1.39E+01
1.50E+00,4.25E+00,1.00E+20,1.00E+19,1.00E+18,1.00E+16,2.00E+00,2.00E+01,1.37E+01
1.50E+00,4.25E+00,1.00E+20,1.00E+19,1.00E+19,1.00E+15,1.50E+00,1.60E+01,2.31E+01
1.50E+00,4.25E+00,1.00E+20,1.00E+19,1.00E+19,1.00E+15,1.50E+00,2.00E+01,2.30E+01
1.50E+00,4.25E+00,1.00E+20,1.00E+19,1.00E+19,1.00E+15,2.00E+00,1.60E+01,2.32E+01
1.50E+00,4.25E+00,1.00E+20,1.00E+19,1.00E+19,1.00E+15,2.00E+00,2.00E+01,2.31E+01
1.50E+00,4.25E+00,1.00E+20,1.00E+19,1.00E+19,1.00E+16,1.50E+00,1.60E+01,1.32E+01
1.50E+00,4.25E+00,1.00E+20,1.00E+19,1.00E+19,1.00E+16,1.50E+00,2.00E+01,1.30E+01
1.50E+00,4.25E+00,1.00E+20,1.00E+19,1.00E+19,1.00E+16,2.00E+00,1.60E+01,1.32E+01
1.50E+00,4.25E+00,1.00E+20,1.00E+19,1.00E+19,1.00E+16,2.00E+00,2.00E+01,1.30E+01
1.50E+00,4.25E+00,1.00E+20,1.00E+20,1.00E+18,1.00E+15,1.50E+00,1.60E+01,1.37E+01
1.50E+00,4.25E+00,1.00E+20,1.00E+20,1.00E+18,1.00E+15,1.50E+00,2.00E+01,1.33E+01
1.50E+00,4.25E+00,1.00E+20,1.00E+20,1.00E+18,1.00E+15,2.00E+00,1.60E+01,1.39E+01
1.50E+00,4.25E+00,1.00E+20,1.00E+20,1.00E+18,1.00E+15,2.00E+00,2.00E+01,1.35E+01
1.50E+00,4.25E+00,1.00E+20,1.00E+20,1.00E+18,1.00E+16,1.50E+00,1.60E+01,4.82E+00
1.50E+00,4.25E+00,1.00E+20,1.00E+20,1.00E+18,1.00E+16,1.50E+00,2.00E+01,4.55E+00
1.50E+00,4.25E+00,1.00E+20,1.00E+20,1.00E+18,1.00E+16,2.00E+00,1.60E+01,4.82E+00
1.50E+00,4.25E+00,1.00E+20,1.00E+20,1.00E+18,1.00E+16,2.00E+00,2.00E+01,4.55E+00
1.50E+00,4.25E+00,1.00E+20,1.00E+20,1.00E+19,1.00E+15,1.50E+00,1.60E+01,1.31E+01
1.50E+00,4.25E+00,1.00E+20,1.00E+20,1.00E+19,1.00E+15,1.50E+00,2.00E+01,1.27E+01
1.50E+00,4.25E+00,1.00E+20,1.00E+20,1.00E+19,1.00E+15,2.00E+00,1.60E+01,1.33E+01
1.50E+00,4.25E+00,1.00E+20,1.00E+20,1.00E+19,1.00E+15,2.00E+00,2.00E+01,1.28E+01
1.50E+00,4.25E+00,1.00E+20,1.00E+20,1.00E+19,1.00E+16,1.50E+00,1.60E+01,4.56E+00
1.50E+00,4.25E+00,1.00E+20,1.00E+20,1.00E+19,1.00E+16,1.50E+00,2.00E+01,4.31E+00
1.50E+00,4.25E+00,1.00E+20,1.00E+20,1.00E+19,1.00E+16,2.00E+00,1.60E+01,4.56E+00
1.50E+00,4.25E+00,1.00E+20,1.00E+20,1.00E+19,1.00E+16,2.00E+00,2.00E+01,4.31E+00
1.50E+00,4.30E+00,1.00E+19,1.00E+19,1.00E+18,1.00E+15,1.50E+00,1.60E+01,2.04E+01
1.50E+00,4.30E+00,1.00E+19,1.00E+19,1.00E+18,1.00E+15,1.50E+00,2.00E+01,1.92E+01
1.50E+00,4.30E+00,1.00E+19,1.00E+19,1.00E+18,1.00E+15,2.00E+00,1.60E+01,2.06E+01
1.50E+00,4.30E+00,1.00E+19,1.00E+19,1.00E+18,1.00E+15,2.00E+00,2.00E+01,1.94E+01
1.50E+00,4.30E+00,1.00E+19,1.00E+19,1.00E+18,1.00E+16,1.50E+00,1.60E+01,1.01E+01
1.50E+00,4.30E+00,1.00E+19,1.00E+19,1.00E+18,1.00E+16,1.50E+00,2.00E+01,8.86E+00
1.50E+00,4.30E+00,1.00E+19,1.00E+19,1.00E+18,1.00E+16,2.00E+00,1.60E+01,1.01E+01
1.50E+00,4.30E+00,1.00E+19,1.00E+19,1.00E+18,1.00E+16,2.00E+00,2.00E+01,8.86E+00
1.50E+00,4.30E+00,1.00E+19,1.00E+19,1.00E+19,1.00E+15,1.50E+00,1.60E+01,1.93E+01
1.50E+00,4.30E+00,1.00E+19,1.00E+19,1.00E+19,1.00E+15,1.50E+00,2.00E+01,1.82E+01
1.50E+00,4.30E+00,1.00E+19,1.00E+19,1.00E+19,1.00E+15,2.00E+00,1.60E+01,1.95E+01
1.50E+00,4.30E+00,1.00E+19,1.00E+19,1.00E+19,1.00E+15,2.00E+00,2.00E+01,1.84E+01
1.50E+00,4.30E+00,1.00E+19,1.00E+19,1.00E+19,1.00E+16,1.50E+00,1.60E+01,9.56E+00
1.50E+00,4.30E+00,1.00E+19,1.00E+19,1.00E+19,1.00E+16,1.50E+00,2.00E+01,8.39E+00
1.50E+00,4.30E+00,1.00E+19,1.00E+19,1.00E+19,1.00E+16,2.00E+00,1.60E+01,9.56E+00
1.50E+00,4.30E+00,1.00E+19,1.00E+19,1.00E+19,1.00E+16,2.00E+00,2.00E+01,8.39E+00
1.50E+00,4.30E+00,1.00E+19,1.00E+20,1.00E+18,1.00E+15,1.50E+00,1.60E+01,7.99E+00
1.50E+00,4.30E+00,1.00E+19,1.00E+20,1.00E+18,1.00E+15,1.50E+00,2.00E+01,6.37E+00
1.50E+00,4.30E+00,1.00E+19,1.00E+20,1.00E+18,1.00E+15,2.00E+00,1.60E+01,8.13E+00
1.50E+00,4.30E+00,1.00E+19,1.00E+20,1.00E+18,1.00E+15,2.00E+00,2.00E+01,6.49E+00
1.50E+00,4.30E+00,1.00E+19,1.00E+20,1.00E+18,1.00E+16,1.50E+00,1.60E+01,2.43E+00
1.50E+00,4.30E+00,1.00E+19,1.00E+20,1.00E+18,1.00E+16,1.50E+00,2.00E+01,1.79E+00
1.50E+00,4.30E+00,1.00E+19,1.00E+20,1.00E+18,1.00E+16,2.00E+00,1.60E+01,2.43E+00
1.50E+00,4.30E+00,1.00E+19,1.00E+20,1.00E+18,1.00E+16,2.00E+00,2.00E+01,1.79E+00
1.50E+00,4.30E+00,1.00E+19,1.00E+20,1.00E+19,1.00E+15,1.50E+00,1.60E+01,7.55E+00
1.50E+00,4.30E+00,1.00E+19,1.00E+20,1.00E+19,1.00E+15,1.50E+00,2.00E+01,6.04E+00
1.50E+00,4.30E+00,1.00E+19,1.00E+20,1.00E+19,1.00E+15,2.00E+00,1.60E+01,7.67E+00
1.50E+00,4.30E+00,1.00E+19,1.00E+20,1.00E+19,1.00E+15,2.00E+00,2.00E+01,6.14E+00
1.50E+00,4.30E+00,1.00E+19,1.00E+20,1.00E+19,1.00E+16,1.50E+00,1.60E+01,2.27E+00
1.50E+00,4.30E+00,1.00E+19,1.00E+20,1.00E+19,1.00E+16,1.50E+00,2.00E+01,1.69E+00
1.50E+00,4.30E+00,1.00E+19,1.00E+20,1.00E+19,1.00E+16,2.00E+00,1.60E+01,2.27E+00
1.50E+00,4.30E+00,1.00E+19,1.00E+20,1.00E+19,1.00E+16,2.00E+00,2.00E+01,1.69E+00
1.50E+00,4.30E+00,1.00E+20,1.00E+19,1.00E+18,1.00E+15,1.50E+00,1.60E+01,1.67E+01
1.50E+00,4.30E+00,1.00E+20,1.00E+19,1.00E+18,1.00E+15,1.50E+00,2.00E+01,1.63E+01
1.50E+00,4.30E+00,1.00E+20,1.00E+19,1.00E+18,1.00E+15,2.00E+00,1.60E+01,1.70E+01
1.50E+00,4.30E+00,1.00E+20,1.00E+19,1.00E+18,1.00E+15,2.00E+00,2.00E+01,1.65E+01
1.50E+00,4.30E+00,1.00E+20,1.00E+19,1.00E+18,1.00E+16,1.50E+00,1.60E+01,6.47E+00
1.50E+00,4.30E+00,1.00E+20,1.00E+19,1.00E+18,1.00E+16,1.50E+00,2.00E+01,6.16E+00
1.50E+00,4.30E+00,1.00E+20,1.00E+19,1.00E+18,1.00E+16,2.00E+00,1.60E+01,6.47E+00
1.50E+00,4.30E+00,1.00E+20,1.00E+19,1.00E+18,1.00E+16,2.00E+00,2.00E+01,6.16E+00
1.50E+00,4.30E+00,1.00E+20,1.00E+19,1.00E+19,1.00E+15,1.50E+00,1.60E+01,1.59E+01
1.50E+00,4.30E+00,1.00E+20,1.00E+19,1.00E+19,1.00E+15,1.50E+00,2.00E+01,1.55E+01
1.50E+00,4.30E+00,1.00E+20,1.00E+19,1.00E+19,1.00E+15,2.00E+00,1.60E+01,1.61E+01
1.50E+00,4.30E+00,1.00E+20,1.00E+19,1.00E+19,1.00E+15,2.00E+00,2.00E+01,1.57E+01
1.50E+00,4.30E+00,1.00E+20,1.00E+19,1.00E+19,1.00E+16,1.50E+00,1.60E+01,6.15E+00
1.50E+00,4.30E+00,1.00E+20,1.00E+19,1.00E+19,1.00E+16,1.50E+00,2.00E+01,5.85E+00
1.50E+00,4.30E+00,1.00E+20,1.00E+19,1.00E+19,1.00E+16,2.00E+00,1.60E+01,6.15E+00
1.50E+00,4.30E+00,1.00E+20,1.00E+19,1.00E+19,1.00E+16,2.00E+00,2.00E+01,5.85E+00
1.50E+00,4.30E+00,1.00E+20,1.00E+20,1.00E+18,1.00E+15,1.50E+00,1.60E+01,3.91E+00
1.50E+00,4.30E+00,1.00E+20,1.00E+20,1.00E+18,1.00E+15,1.50E+00,2.00E+01,3.65E+00
1.50E+00,4.30E+00,1.00E+20,1.00E+20,1.00E+18,1.00E+15,2.00E+00,1.60E+01,3.99E+00
1.50E+00,4.30E+00,1.00E+20,1.00E+20,1.00E+18,1.00E+15,2.00E+00,2.00E+01,3.73E+00
1.50E+00,4.30E+00,1.00E+20,1.00E+20,1.00E+18,1.00E+16,1.50E+00,1.60E+01,1.01E+00
1.50E+00,4.30E+00,1.00E+20,1.00E+20,1.00E+18,1.00E+16,1.50E+00,2.00E+01,9.41E-01
1.50E+00,4.30E+00,1.00E+20,1.00E+20,1.00E+18,1.00E+16,2.00E+00,1.60E+01,1.01E+00
1.50E+00,4.30E+00,1.00E+20,1.00E+20,1.00E+18,1.00E+16,2.00E+00,2.00E+01,9.41E-01
1.50E+00,4.30E+00,1.00E+20,1.00E+20,1.00E+19,1.00E+15,1.50E+00,1.60E+01,3.71E+00
1.50E+00,4.30E+00,1.00E+20,1.00E+20,1.00E+19,1.00E+15,1.50E+00,2.00E+01,3.48E+00
1.50E+00,4.30E+00,1.00E+20,1.00E+20,1.00E+19,1.00E+15,2.00E+00,1.60E+01,3.78E+00
1.50E+00,4.30E+00,1.00E+20,1.00E+20,1.00E+19,1.00E+15,2.00E+00,2.00E+01,3.54E+00
1.50E+00,4.30E+00,1.00E+20,1.00E+20,1.00E+19,1.00E+16,1.50E+00,1.60E+01,9.58E-01
1.50E+00,4.30E+00,1.00E+20,1.00E+20,1.00E+19,1.00E+16,1.50E+00,2.00E+01,8.91E-01
1.50E+00,4.30E+00,1.00E+20,1.00E+20,1.00E+19,1.00E+16,2.00E+00,1.60E+01,9.58E-01
1.50E+00,4.30E+00,1.00E+20,1.00E+20,1.00E+19,1.00E+16,2.00E+00,2.00E+01,8.92E-01
1.35E+00,4.35E+00,1.00E+16,5.00E+18,5.00E+18,1.00E+13,7.00E-01,1.40E+01,2.83E+01
1.35E+00,4.35E+00,1.00E+16,5.00E+18,5.00E+18,1.00E+13,7.00E-01,1.80E+01,2.84E+01
1.35E+00,4.35E+00,1.00E+16,5.00E+18,5.00E+18,1.00E+13,1.70E+00,1.40E+01,2.96E+01
1.35E+00,4.35E+00,1.00E+16,5.00E+18,5.00E+18,1.00E+13,1.70E+00,1.80E+01,2.96E+01
1.35E+00,4.35E+00,1.00E+16,5.00E+18,5.00E+18,1.00E+17,7.00E-01,1.40E+01,1.29E+01
1.35E+00,4.35E+00,1.00E+16,5.00E+18,5.00E+18,1.00E+17,7.00E-01,1.80E+01,1.29E+01
1.35E+00,4.35E+00,1.00E+16,5.00E+18,5.00E+18,1.00E+17,1.70E+00,1.40E+01,1.29E+01
1.35E+00,4.35E+00,1.00E+16,5.00E+18,5.00E+18,1.00E+17,1.70E+00,1.80E+01,1.29E+01
1.35E+00,4.35E+00,1.00E+16,5.00E+18,1.00E+20,1.00E+13,7.00E-01,1.40E+01,2.76E+01
1.35E+00,4.35E+00,1.00E+16,5.00E+18,1.00E+20,1.00E+13,7.00E-01,1.80E+01,2.76E+01
1.35E+00,4.35E+00,1.00E+16,5.00E+18,1.00E+20,1.00E+13,1.70E+00,1.40E+01,2.83E+01
1.35E+00,4.35E+00,1.00E+16,5.00E+18,1.00E+20,1.00E+13,1.70E+00,1.80E+01,2.83E+01
1.35E+00,4.35E+00,1.00E+16,5.00E+18,1.00E+20,1.00E+17,7.00E-01,1.40E+01,1.14E+01
1.35E+00,4.35E+00,1.00E+16,5.00E+18,1.00E+20,1.00E+17,7.00E-01,1.80E+01,1.13E+01
1.35E+00,4.35E+00,1.00E+16,5.00E+18,1.00E+20,1.00E+17,1.70E+00,1.40E+01,1.13E+01
1.35E+00,4.35E+00,1.00E+16,5.00E+18,1.00E+20,1.00E+17,1.70E+00,1.80E+01,1.13E+01
1.35E+00,4.35E+00,1.00E+16,5.00E+19,5.00E+18,1.00E+13,7.00E-01,1.40E+01,2.64E+01
1.35E+00,4.35E+00,1.00E+16,5.00E+19,5.00E+18,1.00E+13,7.00E-01,1.80E+01,2.65E+01
1.35E+00,4.35E+00,1.00E+16,5.00E+19,5.00E+18,1.00E+13,1.70E+00,1.40E+01,2.76E+01
1.35E+00,4.35E+00,1.00E+16,5.00E+19,5.00E+18,1.00E+13,1.70E+00,1.80E+01,2.77E+01
1.35E+00,4.35E+00,1.00E+16,5.00E+19,5.00E+18,1.00E+17,7.00E-01,1.40E+01,1.17E+01
1.35E+00,4.35E+00,1.00E+16,5.00E+19,5.00E+18,1.00E+17,7.00E-01,1.80E+01,1.17E+01
1.35E+00,4.35E+00,1.00E+16,5.00E+19,5.00E+18,1.00E+17,1.70E+00,1.40E+01,1.17E+01
1.35E+00,4.35E+00,1.00E+16,5.00E+19,5.00E+18,1.00E+17,1.70E+00,1.80E+01,1.17E+01
1.35E+00,4.35E+00,1.00E+16,5.00E+19,1.00E+20,1.00E+13,7.00E-01,1.40E+01,2.57E+01
1.35E+00,4.35E+00,1.00E+16,5.00E+19,1.00E+20,1.00E+13,7.00E-01,1.80E+01,2.57E+01
1.35E+00,4.35E+00,1.00E+16,5.00E+19,1.00E+20,1.00E+13,1.70E+00,1.40E+01,2.64E+01
1.35E+00,4.35E+00,1.00E+16,5.00E+19,1.00E+20,1.00E+13,1.70E+00,1.80E+01,2.64E+01
1.35E+00,4.35E+00,1.00E+16,5.00E+19,1.00E+20,1.00E+17,7.00E-01,1.40E+01,1.02E+01
1.35E+00,4.35E+00,1.00E+16,5.00E+19,1.00E+20,1.00E+17,7.00E-01,1.80E+01,1.01E+01
1.35E+00,4.35E+00,1.00E+16,5.00E+19,1.00E+20,1.00E+17,1.70E+00,1.40E+01,1.01E+01
1.35E+00,4.35E+00,1.00E+16,5.00E+19,1.00E+20,1.00E+17,1.70E+00,1.80E+01,1.01E+01
1.35E+00,4.35E+00,5.00E+18,5.00E+18,5.00E+18,1.00E+13,7.00E-01,1.40E+01,2.48E+01
1.35E+00,4.35E+00,5.00E+18,5.00E+18,5.00E+18,1.00E+13,7.00E-01,1.80E+01,2.40E+01
1.35E+00,4.35E+00,5.00E+18,5.00E+18,5.00E+18,1.00E+13,1.70E+00,1.40E+01,2.88E+01
1.35E+00,4.35E+00,5.00E+18,5.00E+18,5.00E+18,1.00E+13,1.70E+00,1.80E+01,2.78E+01
1.35E+00,4.35E+00,5.00E+18,5.00E+18,5.00E+18,1.00E+17,7.00E-01,1.40E+01,2.90E+00
1.35E+00,4.35E+00,5.00E+18,5.00E+18,5.00E+18,1.00E+17,7.00E-01,1.80E+01,1.74E+00
1.35E+00,4.35E+00,5.00E+18,5.00E+18,5.00E+18,1.00E+17,1.70E+00,1.40E+01,2.90E+00
1.35E+00,4.35E+00,5.00E+18,5.00E+18,5.00E+18,1.00E+17,1.70E+00,1.80E+01,1.74E+00
1.35E+00,4.35E+00,5.00E+18,5.00E+18,1.00E+20,1.00E+13,7.00E-01,1.40E+01,2.95E+01
1.35E+00,4.35E+00,5.00E+18,5.00E+18,1.00E+20,1.00E+13,7.00E-01,1.80E+01,2.96E+01
1.35E+00,4.35E+00,5.00E+18,5.00E+18,1.00E+20,1.00E+13,1.70E+00,1.40E+01,3.08E+01
1.35E+00,4.35E+00,5.00E+18,5.00E+18,1.00E+20,1.00E+13,1.70E+00,1.80E+01,3.07E+01
1.35E+00,4.35E+00,5.00E+18,5.00E+18,1.00E+20,1.00E+17,7.00E-01,1.40E+01,2.59E+00
1.35E+00,4.35E+00,5.00E+18,5.00E+18,1.00E+20,1.00E+17,7.00E-01,1.80E+01,1.57E+00
1.35E+00,4.35E+00,5.00E+18,5.00E+18,1.00E+20,1.00E+17,1.70E+00,1.40E+01,2.59E+00
1.35E+00,4.35E+00,5.00E+18,5.00E+18,1.00E+20,1.00E+17,1.70E+00,1.80E+01,1.57E+00
1.35E+00,4.35E+00,5.00E+18,5.00E+19,5.00E+18,1.00E+13,7.00E-01,1.40E+01,1.29E+01
1.35E+00,4.35E+00,5.00E+18,5.00E+19,5.00E+18,1.00E+13,7.00E-01,1.80E+01,9.89E+00
1.35E+00,4.35E+00,5.00E+18,5.00E+19,5.00E+18,1.00E+13,1.70E+00,1.40E+01,1.74E+01
1.35E+00,4.35E+00,5.00E+18,5.00E+19,5.00E+18,1.00E+13,1.70E+00,1.80E+01,1.36E+01
1.35E+00,4.35E+00,5.00E+18,5.00E+19,5.00E+18,1.00E+17,7.00E-01,1.40E+01,5.20E-01
1.35E+00,4.35E+00,5.00E+18,5.00E+19,5.00E+18,1.00E+17,7.00E-01,1.80E+01,2.65E-01
1.35E+00,4.35E+00,5.00E+18,5.00E+19,5.00E+18,1.00E+17,1.70E+00,1.40E+01,5.20E-01
1.35E+00,4.35E+00,5.00E+18,5.00E+19,5.00E+18,1.00E+17,1.70E+00,1.80E+01,2.65E-01
1.35E+00,4.35E+00,5.00E+18,5.00E+19,1.00E+20,1.00E+13,7.00E-01,1.40E+01,2.22E+01
1.35E+00,4.35E+00,5.00E+18,5.00E+19,1.00E+20,1.00E+13,7.00E-01,1.80E+01,2.08E+01
1.35E+00,4.35E+00,5.00E+18,5.00E+19,1.00E+20,1.00E+13,1.70E+00,1.40E+01,2.31E+01
1.35E+00,4.35E+00,5.00E+18,5.00E+19,1.00E+20,1.00E+13,1.70E+00,1.80E+01,2.12E+01
1.35E+00,4.35E+00,5.00E+18,5.00E+19,1.00E+20,1.00E+17,7.00E-01,1.40E+01,4.51E-01
1.35E+00,4.35E+00,5.00E+18,5.00E+19,1.00E+20,1.00E+17,7.00E-01,1.80E+01,2.38E-01
1.35E+00,4.35E+00,5.00E+18,5.00E+19,1.00E+20,1.00E+17,1.70E+00,1.40E+01,4.50E-01
1.35E+00,4.35E+00,5.00E+18,5.00E+19,1.00E+20,1.00E+17,1.70E+00,1.80E+01,2.38E-01
1.35E+00,4.40E+00,1.00E+16,5.00E+18,5.00E+18,1.00E+13,7.00E-01,1.40E+01,2.63E+01
1.35E+00,4.40E+00,1.00E+16,5.00E+18,5.00E+18,1.00E+13,7.00E-01,1.80E+01,2.65E+01
1.35E+00,4.40E+00,1.00E+16,5.00E+18,5.00E+18,1.00E+13,1.70E+00,1.40E+01,2.80E+01
1.35E+00,4.40E+00,1.00E+16,5.00E+18,5.00E+18,1.00E+13,1.70E+00,1.80E+01,2.81E+01
1.35E+00,4.40E+00,1.00E+16,5.00E+18,5.00E+18,1.00E+17,7.00E-01,1.40E+01,1.29E+01
1.35E+00,4.40E+00,1.00E+16,5.00E+18,5.00E+18,1.00E+17,7.00E-01,1.80E+01,1.29E+01
1.35E+00,4.40E+00,1.00E+16,5.00E+18,5.00E+18,1.00E+17,1.70E+00,1.40E+01,1.29E+01
1.35E+00,4.40E+00,1.00E+16,5.00E+18,5.00E+18,1.00E+17,1.70E+00,1.80E+01,1.28E+01
1.35E+00,4.40E+00,1.00E+16,5.00E+18,1.00E+20,1.00E+13,7.00E-01,1.40E+01,2.67E+01
1.35E+00,4.40E+00,1.00E+16,5.00E+18,1.00E+20,1.00E+13,7.00E-01,1.80E+01,2.67E+01
1.35E+00,4.40E+00,1.00E+16,5.00E+18,1.00E+20,1.00E+13,1.70E+00,1.40E+01,2.77E+01
1.35E+00,4.40E+00,1.00E+16,5.00E+18,1.00E+20,1.00E+13,1.70E+00,1.80E+01,2.77E+01
1.35E+00,4.40E+00,1.00E+16,5.00E+18,1.00E+20,1.00E+17,7.00E-01,1.40E+01,1.14E+01
1.35E+00,4.40E+00,1.00E+16,5.00E+18,1.00E+20,1.00E+17,7.00E-01,1.80E+01,1.13E+01
1.35E+00,4.40E+00,1.00E+16,5.00E+18,1.00E+20,1.00E+17,1.70E+00,1.40E+01,1.13E+01
1.35E+00,4.40E+00,1.00E+16,5.00E+18,1.00E+20,1.00E+17,1.70E+00,1.80E+01,1.13E+01
1.35E+00,4.40E+00,1.00E+16,5.00E+19,5.00E+18,1.00E+13,7.00E-01,1.40E+01,2.45E+01
1.35E+00,4.40E+00,1.00E+16,5.00E+19,5.00E+18,1.00E+13,7.00E-01,1.80E+01,2.46E+01
1.35E+00,4.40E+00,1.00E+16,5.00E+19,5.00E+18,1.00E+13,1.70E+00,1.40E+01,2.61E+01
1.35E+00,4.40E+00,1.00E+16,5.00E+19,5.00E+18,1.00E+13,1.70E+00,1.80E+01,2.61E+01
1.35E+00,4.40E+00,1.00E+16,5.00E+19,5.00E+18,1.00E+17,7.00E-01,1.40E+01,1.16E+01
1.35E+00,4.40E+00,1.00E+16,5.00E+19,5.00E+18,1.00E+17,7.00E-01,1.80E+01,1.16E+01
1.35E+00,4.40E+00,1.00E+16,5.00E+19,5.00E+18,1.00E+17,1.70E+00,1.40E+01,1.16E+01
1.35E+00,4.40E+00,1.00E+16,5.00E+19,5.00E+18,1.00E+17,1.70E+00,1.80E+01,1.16E+01
1.35E+00,4.40E+00,1.00E+16,5.00E+19,1.00E+20,1.00E+13,7.00E-01,1.40E+01,2.48E+01
1.35E+00,4.40E+00,1.00E+16,5.00E+19,1.00E+20,1.00E+13,7.00E-01,1.80E+01,2.48E+01
1.35E+00,4.40E+00,1.00E+16,5.00E+19,1.00E+20,1.00E+13,1.70E+00,1.40E+01,2.57E+01
1.35E+00,4.40E+00,1.00E+16,5.00E+19,1.00E+20,1.00E+13,1.70E+00,1.80E+01,2.58E+01
1.35E+00,4.40E+00,1.00E+16,5.00E+19,1.00E+20,1.00E+17,7.00E-01,1.40E+01,1.02E+01
1.35E+00,4.40E+00,1.00E+16,5.00E+19,1.00E+20,1.00E+17,7.00E-01,1.80E+01,1.01E+01
1.35E+00,4.40E+00,1.00E+16,5.00E+19,1.00E+20,1.00E+17,1.70E+00,1.40E+01,1.01E+01
1.35E+00,4.40E+00,1.00E+16,5.00E+19,1.00E+20,1.00E+17,1.70E+00,1.80E+01,1.01E+01
1.35E+00,4.40E+00,5.00E+18,5.00E+18,5.00E+18,1.00E+13,7.00E-01,1.40E+01,1.22E+01
1.35E+00,4.40E+00,5.00E+18,5.00E+18,5.00E+18,1.00E+13,7.00E-01,1.80E+01,8.43E+00
1.35E+00,4.40E+00,5.00E+18,5.00E+18,5.00E+18,1.00E+13,1.70E+00,1.40E+01,1.90E+01
1.35E+00,4.40E+00,5.00E+18,5.00E+18,5.00E+18,1.00E+13,1.70E+00,1.80E+01,1.45E+01
1.35E+00,4.40E+00,5.00E+18,5.00E+18,5.00E+18,1.00E+17,7.00E-01,1.40E+01,7.77E-01
1.35E+00,4.40E+00,5.00E+18,5.00E+18,5.00E+18,1.00E+17,7.00E-01,1.80E+01,3.85E-01
1.35E+00,4.40E+00,5.00E+18,5.00E+18,5.00E+18,1.00E+17,1.70E+00,1.40E+01,7.77E-01
1.35E+00,4.40E+00,5.00E+18,5.00E+18,5.00E+18,1.00E+17,1.70E+00,1.80E+01,3.85E-01
1.35E+00,4.40E+00,5.00E+18,5.00E+18,1.00E+20,1.00E+13,7.00E-01,1.40E+01,1.83E+01
1.35E+00,4.40E+00,5.00E+18,5.00E+18,1.00E+20,1.00E+13,7.00E-01,1.80E+01,1.61E+01
1.35E+00,4.40E+00,5.00E+18,5.00E+18,1.00E+20,1.00E+13,1.70E+00,1.40E+01,2.14E+01
1.35E+00,4.40E+00,5.00E+18,5.00E+18,1.00E+20,1.00E+13,1.70E+00,1.80E+01,1.87E+01
1.35E+00,4.40E+00,5.00E+18,5.00E+18,1.00E+20,1.00E+17,7.00E-01,1.40E+01,6.76E-01
1.35E+00,4.40E+00,5.00E+18,5.00E+18,1.00E+20,1.00E+17,7.00E-01,1.80E+01,3.44E-01
1.35E+00,4.40E+00,5.00E+18,5.00E+18,1.00E+20,1.00E+17,1.70E+00,1.40E+01,6.76E-01
1.35E+00,4.40E+00,5.00E+18,5.00E+18,1.00E+20,1.00E+17,1.70E+00,1.80E+01,3.44E-01
1.35E+00,4.40E+00,5.00E+18,5.00E+19,5.00E+18,1.00E+13,7.00E-01,1.40E+01,3.17E+00
1.35E+00,4.40E+00,5.00E+18,5.00E+19,5.00E+18,1.00E+13,7.00E-01,1.80E+01,1.42E+00
1.35E+00,4.40E+00,5.00E+18,5.00E+19,5.00E+18,1.00E+13,1.70E+00,1.40E+01,6.07E+00
1.35E+00,4.40E+00,5.00E+18,5.00E+19,5.00E+18,1.00E+13,1.70E+00,1.80E+01,3.04E+00
1.35E+00,4.40E+00,5.00E+18,5.00E+19,5.00E+18,1.00E+17,7.00E-01,1.40E+01,1.26E-01
1.35E+00,4.40E+00,5.00E+18,5.00E+19,5.00E+18,1.00E+17,7.00E-01,1.80E+01,9.16E-02
1.35E+00,4.40E+00,5.00E+18,5.00E+19,5.00E+18,1.00E+17,1.70E+00,1.40E+01,1.26E-01
1.35E+00,4.40E+00,5.00E+18,5.00E+19,5.00E+18,1.00E+17,1.70E+00,1.80E+01,9.16E-02
1.35E+00,4.40E+00,5.00E+18,5.00E+19,1.00E+20,1.00E+13,7.00E-01,1.40E+01,5.85E+00
1.35E+00,4.40E+00,5.00E+18,5.00E+19,1.00E+20,1.00E+13,7.00E-01,1.80E+01,3.74E+00
1.35E+00,4.40E+00,5.00E+18,5.00E+19,1.00E+20,1.00E+13,1.70E+00,1.40E+01,7.49E+00
1.35E+00,4.40E+00,5.00E+18,5.00E+19,1.00E+20,1.00E+13,1.70E+00,1.80E+01,4.72E+00
1.35E+00,4.40E+00,5.00E+18,5.00E+19,1.00E+20,1.00E+17,7.00E-01,1.40E+01,1.13E-01
1.35E+00,4.40E+00,5.00E+18,5.00E+19,1.00E+20,1.00E+17,7.00E-01,1.80E+01,8.34E-02
1.35E+00,4.40E+00,5.00E+18,5.00E+19,1.00E+20,1.00E+17,1.70E+00,1.40E+01,1.13E-01
1.35E+00,4.40E+00,5.00E+18,5.00E+19,1.00E+20,1.00E+17,1.70E+00,1.80E+01,8.33E-02
1.55E+00,4.35E+00,1.00E+16,5.00E+18,5.00E+18,1.00E+13,7.00E-01,1.40E+01,2.01E+01
1.55E+00,4.35E+00,1.00E+16,5.00E+18,5.00E+18,1.00E+13,7.00E-01,1.80E+01,2.02E+01
1.55E+00,4.35E+00,1.00E+16,5.00E+18,5.00E+18,1.00E+13,1.70E+00,1.40E+01,2.29E+01
1.55E+00,4.35E+00,1.00E+16,5.00E+18,5.00E+18,1.00E+13,1.70E+00,1.80E+01,2.30E+01
1.55E+00,4.35E+00,1.00E+16,5.00E+18,5.00E+18,1.00E+17,7.00E-01,1.40E+01,1.13E+01
1.55E+00,4.35E+00,1.00E+16,5.00E+18,5.00E+18,1.00E+17,7.00E-01,1.80E+01,1.13E+01
1.55E+00,4.35E+00,1.00E+16,5.00E+18,5.00E+18,1.00E+17,1.70E+00,1.40E+01,1.13E+01
1.55E+00,4.35E+00,1.00E+16,5.00E+18,5.00E+18,1.00E+17,1.70E+00,1.80E+01,1.13E+01
1.55E+00,4.35E+00,1.00E+16,5.00E+18,1.00E+20,1.00E+13,7.00E-01,1.40E+01,2.03E+01
1.55E+00,4.35E+00,1.00E+16,5.00E+18,1.00E+20,1.00E+13,7.00E-01,1.80E+01,2.04E+01
1.55E+00,4.35E+00,1.00E+16,5.00E+18,1.00E+20,1.00E+13,1.70E+00,1.40E+01,2.28E+01
1.55E+00,4.35E+00,1.00E+16,5.00E+18,1.00E+20,1.00E+13,1.70E+00,1.80E+01,2.28E+01
1.55E+00,4.35E+00,1.00E+16,5.00E+18,1.00E+20,1.00E+17,7.00E-01,1.40E+01,1.10E+01
1.55E+00,4.35E+00,1.00E+16,5.00E+18,1.00E+20,1.00E+17,7.00E-01,1.80E+01,1.11E+01
1.55E+00,4.35E+00,1.00E+16,5.00E+18,1.00E+20,1.00E+17,1.70E+00,1.40E+01,1.10E+01
1.55E+00,4.35E+00,1.00E+16,5.00E+18,1.00E+20,1.00E+17,1.70E+00,1.80E+01,1.11E+01
1.55E+00,4.35E+00,1.00E+16,5.00E+19,5.00E+18,1.00E+13,7.00E-01,1.40E+01,1.88E+01
1.55E+00,4.35E+00,1.00E+16,5.00E+19,5.00E+18,1.00E+13,7.00E-01,1.80E+01,1.89E+01
1.55E+00,4.35E+00,1.00E+16,5.00E+19,5.00E+18,1.00E+13,1.70E+00,1.40E+01,2.15E+01
1.55E+00,4.35E+00,1.00E+16,5.00E+19,5.00E+18,1.00E+13,1.70E+00,1.80E+01,2.16E+01
1.55E+00,4.35E+00,1.00E+16,5.00E+19,5.00E+18,1.00E+17,7.00E-01,1.40E+01,1.04E+01
1.55E+00,4.35E+00,1.00E+16,5.00E+19,5.00E+18,1.00E+17,7.00E-01,1.80E+01,1.04E+01
1.55E+00,4.35E+00,1.00E+16,5.00E+19,5.00E+18,1.00E+17,1.70E+00,1.40E+01,1.03E+01
1.55E+00,4.35E+00,1.00E+16,5.00E+19,5.00E+18,1.00E+17,1.70E+00,1.80E+01,1.04E+01
1.55E+00,4.35E+00,1.00E+16,5.00E+19,1.00E+20,1.00E+13,7.00E-01,1.40E+01,1.90E+01
1.55E+00,4.35E+00,1.00E+16,5.00E+19,1.00E+20,1.00E+13,7.00E-01,1.80E+01,1.91E+01
1.55E+00,4.35E+00,1.00E+16,5.00E+19,1.00E+20,1.00E+13,1.70E+00,1.40E+01,2.13E+01
1.55E+00,4.35E+00,1.00E+16,5.00E+19,1.00E+20,1.00E+13,1.70E+00,1.80E+01,2.14E+01
1.55E+00,4.35E+00,1.00E+16,5.00E+19,1.00E+20,1.00E+17,7.00E-01,1.40E+01,1.01E+01
1.55E+00,4.35E+00,1.00E+16,5.00E+19,1.00E+20,1.00E+17,7.00E-01,1.80E+01,1.01E+01
1.55E+00,4.35E+00,1.00E+16,5.00E+19,1.00E+20,1.00E+17,1.70E+00,1.40E+01,1.01E+01
1.55E+00,4.35E+00,1.00E+16,5.00E+19,1.00E+20,1.00E+17,1.70E+00,1.80E+01,1.01E+01
1.55E+00,4.35E+00,5.00E+18,5.00E+18,5.00E+18,1.00E+13,7.00E-01,1.40E+01,1.80E+01
1.55E+00,4.35E+00,5.00E+18,5.00E+18,5.00E+18,1.00E+13,7.00E-01,1.80E+01,1.54E+01
1.55E+00,4.35E+00,5.00E+18,5.00E+18,5.00E+18,1.00E+13,1.70E+00,1.40E+01,2.47E+01
1.55E+00,4.35E+00,5.00E+18,5.00E+18,5.00E+18,1.00E+13,1.70E+00,1.80E+01,2.29E+01
1.55E+00,4.35E+00,5.00E+18,5.00E+18,5.00E+18,1.00E+17,7.00E-01,1.40E+01,2.75E+00
1.55E+00,4.35E+00,5.00E+18,5.00E+18,5.00E+18,1.00E+17,7.00E-01,1.80E+01,1.65E+00
1.55E+00,4.35E+00,5.00E+18,5.00E+18,5.00E+18,1.00E+17,1.70E+00,1.40E+01,2.75E+00
1.55E+00,4.35E+00,5.00E+18,5.00E+18,5.00E+18,1.00E+17,1.70E+00,1.80E+01,1.65E+00
1.55E+00,4.35E+00,5.00E+18,5.00E+18,1.00E+20,1.00E+13,7.00E-01,1.40E+01,1.69E+01
1.55E+00,4.35E+00,5.00E+18,5.00E+18,1.00E+20,1.00E+13,7.00E-01,1.80E+01,1.46E+01
1.55E+00,4.35E+00,5.00E+18,5.00E+18,1.00E+20,1.00E+13,1.70E+00,1.40E+01,2.32E+01
1.55E+00,4.35E+00,5.00E+18,5.00E+18,1.00E+20,1.00E+13,1.70E+00,1.80E+01,2.15E+01
1.55E+00,4.35E+00,5.00E+18,5.00E+18,1.00E+20,1.00E+17,7.00E-01,1.40E+01,2.50E+00
1.55E+00,4.35E+00,5.00E+18,5.00E+18,1.00E+20,1.00E+17,7.00E-01,1.80E+01,1.50E+00
1.55E+00,4.35E+00,5.00E+18,5.00E+18,1.00E+20,1.00E+17,1.70E+00,1.40E+01,2.50E+00
1.55E+00,4.35E+00,5.00E+18,5.00E+18,1.00E+20,1.00E+17,1.70E+00,1.80E+01,1.50E+00
1.55E+00,4.35E+00,5.00E+18,5.00E+19,5.00E+18,1.00E+13,7.00E-01,1.40E+01,8.54E+00
1.55E+00,4.35E+00,5.00E+18,5.00E+19,5.00E+18,1.00E+13,7.00E-01,1.80E+01,5.01E+00
1.55E+00,4.35E+00,5.00E+18,5.00E+19,5.00E+18,1.00E+13,1.70E+00,1.40E+01,1.44E+01
1.55E+00,4.35E+00,5.00E+18,5.00E+19,5.00E+18,1.00E+13,1.70E+00,1.80E+01,1.01E+01
1.55E+00,4.35E+00,5.00E+18,5.00E+19,5.00E+18,1.00E+17,7.00E-01,1.40E+01,5.46E-01
1.55E+00,4.35E+00,5.00E+18,5.00E+19,5.00E+18,1.00E+17,7.00E-01,1.80E+01,2.68E-01
1.55E+00,4.35E+00,5.00E+18,5.00E+19,5.00E+18,1.00E+17,1.70E+00,1.40E+01,5.46E-01
1.55E+00,4.35E+00,5.00E+18,5.00E+19,5.00E+18,1.00E+17,1.70E+00,1.80E+01,2.68E-01
1.55E+00,4.35E+00,5.00E+18,5.00E+19,1.00E+20,1.00E+13,7.00E-01,1.40E+01,7.82E+00
1.55E+00,4.35E+00,5.00E+18,5.00E+19,1.00E+20,1.00E+13,7.00E-01,1.80E+01,4.62E+00
1.55E+00,4.35E+00,5.00E+18,5.00E+19,1.00E+20,1.00E+13,1.70E+00,1.40E+01,1.33E+01
1.55E+00,4.35E+00,5.00E+18,5.00E+19,1.00E+20,1.00E+13,1.70E+00,1.80E+01,9.36E+00
1.55E+00,4.35E+00,5.00E+18,5.00E+19,1.00E+20,1.00E+17,7.00E-01,1.40E+01,4.80E-01
1.55E+00,4.35E+00,5.00E+18,5.00E+19,1.00E+20,1.00E+17,7.00E-01,1.80E+01,2.43E-01
1.55E+00,4.35E+00,5.00E+18,5.00E+19,1.00E+20,1.00E+17,1.70E+00,1.40E+01,4.80E-01
1.55E+00,4.35E+00,5.00E+18,5.00E+19,1.00E+20,1.00E+17,1.70E+00,1.80E+01,2.43E-01
1.55E+00,4.40E+00,1.00E+16,5.00E+18,5.00E+18,1.00E+13,7.00E-01,1.40E+01,1.90E+01
1.55E+00,4.40E+00,1.00E+16,5.00E+18,5.00E+18,1.00E+13,7.00E-01,1.80E+01,1.91E+01
1.55E+00,4.40E+00,1.00E+16,5.00E+18,5.00E+18,1.00E+13,1.70E+00,1.40E+01,2.17E+01
1.55E+00,4.40E+00,1.00E+16,5.00E+18,5.00E+18,1.00E+13,1.70E+00,1.80E+01,2.18E+01
1.55E+00,4.40E+00,1.00E+16,5.00E+18,5.00E+18,1.00E+17,7.00E-01,1.40E+01,1.05E+01
1.55E+00,4.40E+00,1.00E+16,5.00E+18,5.00E+18,1.00E+17,7.00E-01,1.80E+01,1.05E+01
1.55E+00,4.40E+00,1.00E+16,5.00E+18,5.00E+18,1.00E+17,1.70E+00,1.40E+01,1.05E+01
1.55E+00,4.40E+00,1.00E+16,5.00E+18,5.00E+18,1.00E+17,1.70E+00,1.80E+01,1.05E+01
1.55E+00,4.40E+00,1.00E+16,5.00E+18,1.00E+20,1.00E+13,7.00E-01,1.40E+01,1.91E+01
1.55E+00,4.40E+00,1.00E+16,5.00E+18,1.00E+20,1.00E+13,7.00E-01,1.80E+01,1.91E+01
1.55E+00,4.40E+00,1.00E+16,5.00E+18,1.00E+20,1.00E+13,1.70E+00,1.40E+01,2.17E+01
1.55E+00,4.40E+00,1.00E+16,5.00E+18,1.00E+20,1.00E+13,1.70E+00,1.80E+01,2.18E+01
1.55E+00,4.40E+00,1.00E+16,5.00E+18,1.00E+20,1.00E+17,7.00E-01,1.40E+01,1.05E+01
1.55E+00,4.40E+00,1.00E+16,5.00E+18,1.00E+20,1.00E+17,7.00E-01,1.80E+01,1.05E+01
1.55E+00,4.40E+00,1.00E+16,5.00E+18,1.00E+20,1.00E+17,1.70E+00,1.40E+01,1.05E+01
1.55E+00,4.40E+00,1.00E+16,5.00E+18,1.00E+20,1.00E+17,1.70E+00,1.80E+01,1.05E+01
1.55E+00,4.40E+00,1.00E+16,5.00E+19,5.00E+18,1.00E+13,7.00E-01,1.40E+01,1.78E+01
1.55E+00,4.40E+00,1.00E+16,5.00E+19,5.00E+18,1.00E+13,7.00E-01,1.80E+01,1.78E+01
1.55E+00,4.40E+00,1.00E+16,5.00E+19,5.00E+18,1.00E+13,1.70E+00,1.40E+01,2.03E+01
1.55E+00,4.40E+00,1.00E+16,5.00E+19,5.00E+18,1.00E+13,1.70E+00,1.80E+01,2.04E+01
1.55E+00,4.40E+00,1.00E+16,5.00E+19,5.00E+18,1.00E+17,7.00E-01,1.40E+01,9.60E+00
1.55E+00,4.40E+00,1.00E+16,5.00E+19,5.00E+18,1.00E+17,7.00E-01,1.80E+01,9.63E+00
1.55E+00,4.40E+00,1.00E+16,5.00E+19,5.00E+18,1.00E+17,1.70E+00,1.40E+01,9.59E+00
1.55E+00,4.40E+00,1.00E+16,5.00E+19,5.00E+18,1.00E+17,1.70E+00,1.80E+01,9.63E+00
1.55E+00,4.40E+00,1.00E+16,5.00E+19,1.00E+20,1.00E+13,7.00E-01,1.40E+01,1.78E+01
1.55E+00,4.40E+00,1.00E+16,5.00E+19,1.00E+20,1.00E+13,7.00E-01,1.80E+01,1.78E+01
1.55E+00,4.40E+00,1.00E+16,5.00E+19,1.00E+20,1.00E+13,1.70E+00,1.40E+01,2.03E+01
1.55E+00,4.40E+00,1.00E+16,5.00E+19,1.00E+20,1.00E+13,1.70E+00,1.80E+01,2.03E+01
1.55E+00,4.40E+00,1.00E+16,5.00E+19,1.00E+20,1.00E+17,7.00E-01,1.40E+01,9.55E+00
1.55E+00,4.40E+00,1.00E+16,5.00E+19,1.00E+20,1.00E+17,7.00E-01,1.80E+01,9.58E+00
1.55E+00,4.40E+00,1.00E+16,5.00E+19,1.00E+20,1.00E+17,1.70E+00,1.40E+01,9.55E+00
1.55E+00,4.40E+00,1.00E+16,5.00E+19,1.00E+20,1.00E+17,1.70E+00,1.80E+01,9.58E+00
1.55E+00,4.40E+00,5.00E+18,5.00E+18,5.00E+18,1.00E+13,7.00E-01,1.40E+01,1.05E+01
1.55E+00,4.40E+00,5.00E+18,5.00E+18,5.00E+18,1.00E+13,7.00E-01,1.80E+01,6.70E+00
1.55E+00,4.40E+00,5.00E+18,5.00E+18,5.00E+18,1.00E+13,1.70E+00,1.40E+01,1.72E+01
1.55E+00,4.40E+00,5.00E+18,5.00E+18,5.00E+18,1.00E+13,1.70E+00,1.80E+01,1.28E+01
1.55E+00,4.40E+00,5.00E+18,5.00E+18,5.00E+18,1.00E+17,7.00E-01,1.40E+01,7.98E-01
1.55E+00,4.40E+00,5.00E+18,5.00E+18,5.00E+18,1.00E+17,7.00E-01,1.80E+01,3.85E-01
1.55E+00,4.40E+00,5.00E+18,5.00E+18,5.00E+18,1.00E+17,1.70E+00,1.40E+01,7.97E-01
1.55E+00,4.40E+00,5.00E+18,5.00E+18,5.00E+18,1.00E+17,1.70E+00,1.80E+01,3.85E-01
1.55E+00,4.40E+00,5.00E+18,5.00E+18,1.00E+20,1.00E+13,7.00E-01,1.40E+01,9.71E+00
1.55E+00,4.40E+00,5.00E+18,5.00E+18,1.00E+20,1.00E+13,7.00E-01,1.80E+01,6.16E+00
1.55E+00,4.40E+00,5.00E+18,5.00E+18,1.00E+20,1.00E+13,1.70E+00,1.40E+01,1.60E+01
1.55E+00,4.40E+00,5.00E+18,5.00E+18,1.00E+20,1.00E+13,1.70E+00,1.80E+01,1.19E+01
1.55E+00,4.40E+00,5.00E+18,5.00E+18,1.00E+20,1.00E+17,7.00E-01,1.40E+01,7.06E-01
1.55E+00,4.40E+00,5.00E+18,5.00E+18,1.00E+20,1.00E+17,7.00E-01,1.80E+01,3.47E-01
1.55E+00,4.40E+00,5.00E+18,5.00E+18,1.00E+20,1.00E+17,1.70E+00,1.40E+01,7.06E-01
1.55E+00,4.40E+00,5.00E+18,5.00E+18,1.00E+20,1.00E+17,1.70E+00,1.80E+01,3.47E-01
1.55E+00,4.40E+00,5.00E+18,5.00E+19,5.00E+18,1.00E+13,7.00E-01,1.40E+01,3.04E+00
1.55E+00,4.40E+00,5.00E+18,5.00E+19,5.00E+18,1.00E+13,7.00E-01,1.80E+01,1.18E+00
1.55E+00,4.40E+00,5.00E+18,5.00E+19,5.00E+18,1.00E+13,1.70E+00,1.40E+01,6.10E+00
1.55E+00,4.40E+00,5.00E+18,5.00E+19,5.00E+18,1.00E+13,1.70E+00,1.80E+01,2.88E+00
1.55E+00,4.40E+00,5.00E+18,5.00E+19,5.00E+18,1.00E+17,7.00E-01,1.40E+01,1.36E-01
1.55E+00,4.40E+00,5.00E+18,5.00E+19,5.00E+18,1.00E+17,7.00E-01,1.80E+01,1.02E-01
1.55E+00,4.40E+00,5.00E+18,5.00E+19,5.00E+18,1.00E+17,1.70E+00,1.40E+01,1.36E-01
1.55E+00,4.40E+00,5.00E+18,5.00E+19,5.00E+18,1.00E+17,1.70E+00,1.80E+01,1.02E-01
1.55E+00,4.40E+00,5.00E+18,5.00E+19,1.00E+20,1.00E+13,7.00E-01,1.40E+01,2.65E+00
1.55E+00,4.40E+00,5.00E+18,5.00E+19,1.00E+20,1.00E+13,7.00E-01,1.80E+01,1.05E+00
1.55E+00,4.40E+00,5.00E+18,5.00E+19,1.00E+20,1.00E+13,1.70E+00,1.40E+01,5.44E+00
1.55E+00,4.40E+00,5.00E+18,5.00E+19,1.00E+20,1.00E+13,1.70E+00,1.80E+01,2.58E+00
1.55E+00,4.40E+00,5.00E+18,5.00E+19,1.00E+20,1.00E+17,7.00E-01,1.40E+01,1.24E-01
1.55E+00,4.40E+00,5.00E+18,5.00E+19,1.00E+20,1.00E+17,7.00E-01,1.80E+01,9.45E-02
1.55E+00,4.40E+00,5.00E+18,5.00E+19,1.00E+20,1.00E+17,1.70E+00,1.40E+01,1.23E-01
1.55E+00,4.40E+00,5.00E+18,5.00E+19,1.00E+20,1.00E+17,1.70E+00,1.80E+01,9.45E-02